"Name","Live Bytes","Live Objects","Allocated Objects","Avg. Age","Generations"
"dibugger.userinterface.ProgramPanel$CustomParagraphView","3.400 B (37,5%)","25 (10,1%)","150 (2,4%)","0,0","1"
" java.lang.Object.<init> ()","3.400 B (37,5%)","25 (10,1%)","150 (2,4%)","0,0","1"
"  javax.swing.text.View.<init> (javax.swing.text.Element)","3.400 B (37,5%)","25 (10,1%)","150 (2,4%)","0,0","1"
"   javax.swing.text.CompositeView.<init> (javax.swing.text.Element)","3.400 B (37,5%)","25 (10,1%)","150 (2,4%)","0,0","1"
"    javax.swing.text.BoxView.<init> (javax.swing.text.Element, int)","3.400 B (37,5%)","25 (10,1%)","150 (2,4%)","0,0","1"
"     javax.swing.text.FlowView.<init> (javax.swing.text.Element, int)","3.400 B (37,5%)","25 (10,1%)","150 (2,4%)","0,0","1"
"      javax.swing.text.ParagraphView.<init> (javax.swing.text.Element)","3.400 B (37,5%)","25 (10,1%)","150 (2,4%)","0,0","1"
"       dibugger.userinterface.ProgramPanel$CustomParagraphView.<init> (dibugger.userinterface.ProgramPanel, javax.swing.text.Element)","3.400 B (37,5%)","25 (10,1%)","150 (2,4%)","0,0","1"
"        dibugger.userinterface.ProgramPanel$CustomViewFactory.create (javax.swing.text.Element)","3.400 B (37,5%)","25 (10,1%)","150 (2,4%)","0,0","1"
"         javax.swing.text.CompositeView.loadChildren (javax.swing.text.ViewFactory)","3.400 B (37,5%)","25 (10,1%)","150 (2,4%)","0,0","1"
"          javax.swing.text.CompositeView.setParent (javax.swing.text.View)","3.400 B (37,5%)","25 (10,1%)","150 (2,4%)","0,0","1"
"dibugger.debuglogic.interpreter.IntValue","2.808 B (31%)","117 (47,4%)","510 (8%)","0,0","2"
" java.lang.Object.<init> ()","2.808 B (31%)","117 (47,4%)","436 (6,9%)","0,0","2"
"  dibugger.debuglogic.interpreter.TermValue.<init> (dibugger.debuglogic.interpreter.Type)","2.808 B (31%)","117 (47,4%)","436 (6,9%)","0,0","2"
"   dibugger.debuglogic.interpreter.IntValue.<init> (int)","2.808 B (31%)","117 (47,4%)","436 (6,9%)","0,0","2"
"    dibugger.debuglogic.interpreter.IntValue.clone ()","2.616 B (28,9%)","109 (44,1%)","351 (5,5%)","0,0","1"
"     dibugger.debuglogic.interpreter.TraceState.deepCopyValues (dibugger.debuglogic.interpreter.Scope)","2.616 B (28,9%)","109 (44,1%)","351 (5,5%)","0,0","1"
"      dibugger.debuglogic.interpreter.TraceState.<init> (dibugger.debuglogic.interpreter.TraceStatePosition, int, dibugger.debuglogic.interpreter.Scope)","2.616 B (28,9%)","109 (44,1%)","351 (5,5%)","0,0","1"
"       dibugger.debuglogic.interpreter.Assignment.run ()","1.728 B (19,1%)","72 (29,1%)","240 (3,8%)","0,0","1"
"        dibugger.debuglogic.interpreter.WhileCommand.run ()","1.728 B (19,1%)","72 (29,1%)","240 (3,8%)","0,0","1"
"         dibugger.debuglogic.interpreter.RoutineCommand.run ()","1.728 B (19,1%)","72 (29,1%)","240 (3,8%)","0,0","1"
"          dibugger.debuglogic.interpreter.GenerationController.generateTrace (String, java.util.List, String)","864 B (9,5%)","36 (14,6%)","156 (2,5%)","0,0","1"
"          dibugger.debuglogic.interpreter.RoutineCall.run ()","864 B (9,5%)","36 (14,6%)","84 (1,3%)","0,0","1"
"       dibugger.debuglogic.interpreter.DeclarationAssignment.run ()","384 B (4,2%)","16 (6,5%)","48 (0,8%)","0,0","1"
"        dibugger.debuglogic.interpreter.RoutineCommand.run ()","384 B (4,2%)","16 (6,5%)","48 (0,8%)","0,0","1"
"         dibugger.debuglogic.interpreter.GenerationController.generateTrace (String, java.util.List, String)","264 B (2,9%)","11 (4,5%)","33 (0,5%)","0,0","1"
"          dibugger.debuglogic.debugger.DebugControl.launchRun (java.util.List)","264 B (2,9%)","11 (4,5%)","33 (0,5%)","0,0","1"
"         dibugger.debuglogic.interpreter.RoutineCall.run ()","120 B (1,3%)","5 (2%)","15 (0,2%)","0,0","1"
"          dibugger.debuglogic.interpreter.CallingAssignment.run ()","120 B (1,3%)","5 (2%)","15 (0,2%)","0,0","1"
"       dibugger.debuglogic.interpreter.ReturnCommand.run ()","216 B (2,4%)","9 (3,6%)","27 (0,4%)","0,0","1"
"        dibugger.debuglogic.interpreter.RoutineCommand.run ()","216 B (2,4%)","9 (3,6%)","27 (0,4%)","0,0","1"
"         dibugger.debuglogic.interpreter.GenerationController.generateTrace (String, java.util.List, String)","144 B (1,6%)","6 (2,4%)","18 (0,3%)","0,0","1"
"          dibugger.debuglogic.debugger.DebugControl.launchRun (java.util.List)","144 B (1,6%)","6 (2,4%)","18 (0,3%)","0,0","1"
"         dibugger.debuglogic.interpreter.RoutineCall.run ()","72 B (0,8%)","3 (1,2%)","9 (0,1%)","0,0","1"
"          dibugger.debuglogic.interpreter.CallingAssignment.run ()","72 B (0,8%)","3 (1,2%)","9 (0,1%)","0,0","1"
"       dibugger.debuglogic.interpreter.WhileCommand.run ()","168 B (1,9%)","7 (2,8%)","21 (0,3%)","0,0","1"
"        dibugger.debuglogic.interpreter.RoutineCommand.run ()","168 B (1,9%)","7 (2,8%)","21 (0,3%)","0,0","1"
"         dibugger.debuglogic.interpreter.GenerationController.generateTrace (String, java.util.List, String)","96 B (1,1%)","4 (1,6%)","12 (0,2%)","0,0","1"
"          dibugger.debuglogic.debugger.DebugControl.launchRun (java.util.List)","96 B (1,1%)","4 (1,6%)","12 (0,2%)","0,0","1"
"         dibugger.debuglogic.interpreter.RoutineCall.run ()","72 B (0,8%)","3 (1,2%)","9 (0,1%)","0,0","1"
"          dibugger.debuglogic.interpreter.CallingAssignment.run ()","72 B (0,8%)","3 (1,2%)","9 (0,1%)","0,0","1"
"       dibugger.debuglogic.interpreter.RoutineCommand.run ()","72 B (0,8%)","3 (1,2%)","9 (0,1%)","0,0","1"
"        dibugger.debuglogic.interpreter.GenerationController.generateTrace (String, java.util.List, String)","48 B (0,5%)","2 (0,8%)","6 (0,1%)","0,0","1"
"         dibugger.debuglogic.debugger.DebugControl.launchRun (java.util.List)","48 B (0,5%)","2 (0,8%)","6 (0,1%)","0,0","1"
"          dibugger.debuglogic.debugger.DebugLogicFacade.launchRun (java.util.List)","48 B (0,5%)","2 (0,8%)","6 (0,1%)","0,0","1"
"        dibugger.debuglogic.interpreter.RoutineCall.run ()","24 B (0,3%)","1 (0,4%)","3 (0%)","0,0","1"
"         dibugger.debuglogic.interpreter.CallingAssignment.run ()","24 B (0,3%)","1 (0,4%)","3 (0%)","0,0","1"
"          dibugger.debuglogic.interpreter.RoutineCommand.run ()","24 B (0,3%)","1 (0,4%)","3 (0%)","0,0","1"
"       dibugger.debuglogic.interpreter.CallingAssignment.run ()","48 B (0,5%)","2 (0,8%)","6 (0,1%)","0,0","1"
"        dibugger.debuglogic.interpreter.RoutineCommand.run ()","48 B (0,5%)","2 (0,8%)","6 (0,1%)","0,0","1"
"         dibugger.debuglogic.interpreter.GenerationController.generateTrace (String, java.util.List, String)","48 B (0,5%)","2 (0,8%)","6 (0,1%)","0,0","1"
"          dibugger.debuglogic.debugger.DebugControl.launchRun (java.util.List)","48 B (0,5%)","2 (0,8%)","6 (0,1%)","0,0","1"
"    dibugger.debuglogic.interpreter.TermGenerationVisitor.visitIntLiteral (dibugger.debuglogic.antlrparser.WlangParser.IntLiteralContext)","120 B (1,3%)","5 (2%)","30 (0,5%)","0,0","1"
"     dibugger.debuglogic.interpreter.TermGenerationVisitor.visitIntLiteral (dibugger.debuglogic.antlrparser.WlangParser.IntLiteralContext)","120 B (1,3%)","5 (2%)","30 (0,5%)","0,0","1"
"      dibugger.debuglogic.antlrparser.WlangParser$IntLiteralContext.accept (org.antlr.v4.runtime.tree.ParseTreeVisitor)","120 B (1,3%)","5 (2%)","30 (0,5%)","0,0","1"
"       org.antlr.v4.runtime.tree.AbstractParseTreeVisitor.visit (org.antlr.v4.runtime.tree.ParseTree)","120 B (1,3%)","5 (2%)","30 (0,5%)","0,0","1"
"        dibugger.debuglogic.interpreter.CommandGenerationVisitor.visitDeclareAssign (dibugger.debuglogic.antlrparser.WlangParser.DeclareAssignContext)","72 B (0,8%)","3 (1,2%)","18 (0,3%)","0,0","1"
"         dibugger.debuglogic.interpreter.CommandGenerationVisitor.visitDeclareAssign (dibugger.debuglogic.antlrparser.WlangParser.DeclareAssignContext)","72 B (0,8%)","3 (1,2%)","18 (0,3%)","0,0","1"
"          dibugger.debuglogic.antlrparser.WlangParser$DeclareAssignContext.accept (org.antlr.v4.runtime.tree.ParseTreeVisitor)","72 B (0,8%)","3 (1,2%)","18 (0,3%)","0,0","1"
"        dibugger.debuglogic.interpreter.TermGenerationVisitor.visitAddition (dibugger.debuglogic.antlrparser.WlangParser.AdditionContext)","24 B (0,3%)","1 (0,4%)","6 (0,1%)","0,0","1"
"         dibugger.debuglogic.interpreter.TermGenerationVisitor.visitAddition (dibugger.debuglogic.antlrparser.WlangParser.AdditionContext)","24 B (0,3%)","1 (0,4%)","6 (0,1%)","0,0","1"
"          dibugger.debuglogic.antlrparser.WlangParser$AdditionContext.accept (org.antlr.v4.runtime.tree.ParseTreeVisitor)","24 B (0,3%)","1 (0,4%)","6 (0,1%)","0,0","1"
"        dibugger.debuglogic.interpreter.TermGenerationVisitor.visitInputparameterNoArray (dibugger.debuglogic.antlrparser.WlangParser.InputparameterNoArrayContext)","24 B (0,3%)","1 (0,4%)","6 (0,1%)","0,0","1"
"         dibugger.debuglogic.interpreter.TermGenerationVisitor.visitInputparameterNoArray (dibugger.debuglogic.antlrparser.WlangParser.InputparameterNoArrayContext)","24 B (0,3%)","1 (0,4%)","6 (0,1%)","0,0","1"
"          dibugger.debuglogic.antlrparser.WlangParser$InputparameterNoArrayContext.accept (org.antlr.v4.runtime.tree.ParseTreeVisitor)","24 B (0,3%)","1 (0,4%)","6 (0,1%)","0,0","1"
"    dibugger.debuglogic.interpreter.IntValue.add (dibugger.debuglogic.interpreter.TermValue)","48 B (0,5%)","2 (0,8%)","54 (0,9%)","0,0","1"
"     dibugger.debuglogic.interpreter.AdditionTerm.evaluate (dibugger.debuglogic.interpreter.Scope)","48 B (0,5%)","2 (0,8%)","54 (0,9%)","0,0","1"
"      dibugger.debuglogic.interpreter.Assignment.run ()","48 B (0,5%)","2 (0,8%)","54 (0,9%)","0,0","1"
"       dibugger.debuglogic.interpreter.WhileCommand.run ()","48 B (0,5%)","2 (0,8%)","54 (0,9%)","0,0","1"
"        dibugger.debuglogic.interpreter.RoutineCommand.run ()","48 B (0,5%)","2 (0,8%)","54 (0,9%)","0,0","1"
"         dibugger.debuglogic.interpreter.GenerationController.generateTrace (String, java.util.List, String)","24 B (0,3%)","1 (0,4%)","26 (0,4%)","0,0","1"
"          dibugger.debuglogic.debugger.DebugControl.launchRun (java.util.List)","24 B (0,3%)","1 (0,4%)","26 (0,4%)","0,0","1"
"         dibugger.debuglogic.interpreter.RoutineCall.run ()","24 B (0,3%)","1 (0,4%)","28 (0,4%)","0,0","1"
"          dibugger.debuglogic.interpreter.CallingAssignment.run ()","24 B (0,3%)","1 (0,4%)","28 (0,4%)","0,0","1"
"    dibugger.debuglogic.interpreter.Type.<clinit> ()","24 B (0,3%)","1 (0,4%)","1 (0%)","5,0","1"
"     dibugger.debuglogic.interpreter.CommandGenerationVisitor.visitMainFunctionHead (dibugger.debuglogic.antlrparser.WlangParser.MainFunctionHeadContext)","24 B (0,3%)","1 (0,4%)","1 (0%)","5,0","1"
"      dibugger.debuglogic.interpreter.CommandGenerationVisitor.visitMainFunctionHead (dibugger.debuglogic.antlrparser.WlangParser.MainFunctionHeadContext)","24 B (0,3%)","1 (0,4%)","1 (0%)","5,0","1"
"       dibugger.debuglogic.antlrparser.WlangParser$MainFunctionHeadContext.accept (org.antlr.v4.runtime.tree.ParseTreeVisitor)","24 B (0,3%)","1 (0,4%)","1 (0%)","5,0","1"
"        org.antlr.v4.runtime.tree.AbstractParseTreeVisitor.visit (org.antlr.v4.runtime.tree.ParseTree)","24 B (0,3%)","1 (0,4%)","1 (0%)","5,0","1"
"         dibugger.debuglogic.interpreter.CommandGenerationVisitor.visitMainRoutine (dibugger.debuglogic.antlrparser.WlangParser.MainRoutineContext)","24 B (0,3%)","1 (0,4%)","1 (0%)","5,0","1"
"          dibugger.debuglogic.interpreter.CommandGenerationVisitor.visitMainRoutine (dibugger.debuglogic.antlrparser.WlangParser.MainRoutineContext)","24 B (0,3%)","1 (0,4%)","1 (0%)","5,0","1"
"dibugger.debuglogic.interpreter.TraceState","1.152 B (12,7%)","36 (14,6%)","115 (1,8%)","0,0","1"
" java.lang.Object.<init> ()","1.152 B (12,7%)","36 (14,6%)","112 (1,8%)","0,0","1"
"  dibugger.debuglogic.interpreter.TraceState.<init> (dibugger.debuglogic.interpreter.TraceStatePosition, int, dibugger.debuglogic.interpreter.Scope)","1.152 B (12,7%)","36 (14,6%)","112 (1,8%)","0,0","1"
"   dibugger.debuglogic.interpreter.Assignment.run ()","672 B (7,4%)","21 (8,5%)","67 (1,1%)","0,0","1"
"    dibugger.debuglogic.interpreter.WhileCommand.run ()","672 B (7,4%)","21 (8,5%)","67 (1,1%)","0,0","1"
"     dibugger.debuglogic.interpreter.RoutineCommand.run ()","672 B (7,4%)","21 (8,5%)","67 (1,1%)","0,0","1"
"      dibugger.debuglogic.interpreter.RoutineCall.run ()","384 B (4,2%)","12 (4,9%)","28 (0,4%)","0,0","1"
"       dibugger.debuglogic.interpreter.CallingAssignment.run ()","384 B (4,2%)","12 (4,9%)","28 (0,4%)","0,0","1"
"        dibugger.debuglogic.interpreter.RoutineCommand.run ()","384 B (4,2%)","12 (4,9%)","28 (0,4%)","0,0","1"
"         dibugger.debuglogic.interpreter.GenerationController.generateTrace (String, java.util.List, String)","384 B (4,2%)","12 (4,9%)","28 (0,4%)","0,0","1"
"          dibugger.debuglogic.debugger.DebugControl.launchRun (java.util.List)","384 B (4,2%)","12 (4,9%)","28 (0,4%)","0,0","1"
"      dibugger.debuglogic.interpreter.GenerationController.generateTrace (String, java.util.List, String)","288 B (3,2%)","9 (3,6%)","39 (0,6%)","0,0","1"
"       dibugger.debuglogic.debugger.DebugControl.launchRun (java.util.List)","288 B (3,2%)","9 (3,6%)","39 (0,6%)","0,0","1"
"        dibugger.debuglogic.debugger.DebugLogicFacade.launchRun (java.util.List)","288 B (3,2%)","9 (3,6%)","39 (0,6%)","0,0","1"
"         dibugger.control.DebugLogicController.startDebug ()","288 B (3,2%)","9 (3,6%)","39 (0,6%)","0,0","1"
"          dibugger.control.ControlFacade.startDebug ()","288 B (3,2%)","9 (3,6%)","39 (0,6%)","0,0","1"
"   dibugger.debuglogic.interpreter.DeclarationAssignment.run ()","192 B (2,1%)","6 (2,4%)","18 (0,3%)","0,0","1"
"    dibugger.debuglogic.interpreter.RoutineCommand.run ()","192 B (2,1%)","6 (2,4%)","18 (0,3%)","0,0","1"
"     dibugger.debuglogic.interpreter.GenerationController.generateTrace (String, java.util.List, String)","128 B (1,4%)","4 (1,6%)","12 (0,2%)","0,0","1"
"      dibugger.debuglogic.debugger.DebugControl.launchRun (java.util.List)","128 B (1,4%)","4 (1,6%)","12 (0,2%)","0,0","1"
"       dibugger.debuglogic.debugger.DebugLogicFacade.launchRun (java.util.List)","128 B (1,4%)","4 (1,6%)","12 (0,2%)","0,0","1"
"        dibugger.control.DebugLogicController.startDebug ()","128 B (1,4%)","4 (1,6%)","12 (0,2%)","0,0","1"
"         dibugger.control.ControlFacade.startDebug ()","128 B (1,4%)","4 (1,6%)","12 (0,2%)","0,0","1"
"          dibugger.userinterface.MainInterface.startDebug ()","128 B (1,4%)","4 (1,6%)","12 (0,2%)","0,0","1"
"     dibugger.debuglogic.interpreter.RoutineCall.run ()","64 B (0,7%)","2 (0,8%)","6 (0,1%)","0,0","1"
"      dibugger.debuglogic.interpreter.CallingAssignment.run ()","64 B (0,7%)","2 (0,8%)","6 (0,1%)","0,0","1"
"       dibugger.debuglogic.interpreter.RoutineCommand.run ()","64 B (0,7%)","2 (0,8%)","6 (0,1%)","0,0","1"
"        dibugger.debuglogic.interpreter.GenerationController.generateTrace (String, java.util.List, String)","64 B (0,7%)","2 (0,8%)","6 (0,1%)","0,0","1"
"         dibugger.debuglogic.debugger.DebugControl.launchRun (java.util.List)","64 B (0,7%)","2 (0,8%)","6 (0,1%)","0,0","1"
"          dibugger.debuglogic.debugger.DebugLogicFacade.launchRun (java.util.List)","64 B (0,7%)","2 (0,8%)","6 (0,1%)","0,0","1"
"   dibugger.debuglogic.interpreter.RoutineCommand.run ()","96 B (1,1%)","3 (1,2%)","9 (0,1%)","0,0","1"
"    dibugger.debuglogic.interpreter.GenerationController.generateTrace (String, java.util.List, String)","64 B (0,7%)","2 (0,8%)","6 (0,1%)","0,0","1"
"     dibugger.debuglogic.debugger.DebugControl.launchRun (java.util.List)","64 B (0,7%)","2 (0,8%)","6 (0,1%)","0,0","1"
"      dibugger.debuglogic.debugger.DebugLogicFacade.launchRun (java.util.List)","64 B (0,7%)","2 (0,8%)","6 (0,1%)","0,0","1"
"       dibugger.control.DebugLogicController.startDebug ()","64 B (0,7%)","2 (0,8%)","6 (0,1%)","0,0","1"
"        dibugger.control.ControlFacade.startDebug ()","64 B (0,7%)","2 (0,8%)","6 (0,1%)","0,0","1"
"         dibugger.userinterface.MainInterface.startDebug ()","64 B (0,7%)","2 (0,8%)","6 (0,1%)","0,0","1"
"          dibugger.userinterface.CommandPanel.startDebug ()","64 B (0,7%)","2 (0,8%)","6 (0,1%)","0,0","1"
"    dibugger.debuglogic.interpreter.RoutineCall.run ()","32 B (0,4%)","1 (0,4%)","3 (0%)","0,0","1"
"     dibugger.debuglogic.interpreter.CallingAssignment.run ()","32 B (0,4%)","1 (0,4%)","3 (0%)","0,0","1"
"      dibugger.debuglogic.interpreter.RoutineCommand.run ()","32 B (0,4%)","1 (0,4%)","3 (0%)","0,0","1"
"       dibugger.debuglogic.interpreter.GenerationController.generateTrace (String, java.util.List, String)","32 B (0,4%)","1 (0,4%)","3 (0%)","0,0","1"
"        dibugger.debuglogic.debugger.DebugControl.launchRun (java.util.List)","32 B (0,4%)","1 (0,4%)","3 (0%)","0,0","1"
"         dibugger.debuglogic.debugger.DebugLogicFacade.launchRun (java.util.List)","32 B (0,4%)","1 (0,4%)","3 (0%)","0,0","1"
"          dibugger.control.DebugLogicController.startDebug ()","32 B (0,4%)","1 (0,4%)","3 (0%)","0,0","1"
"   dibugger.debuglogic.interpreter.ReturnCommand.run ()","96 B (1,1%)","3 (1,2%)","9 (0,1%)","0,0","1"
"    dibugger.debuglogic.interpreter.RoutineCommand.run ()","96 B (1,1%)","3 (1,2%)","9 (0,1%)","0,0","1"
"     dibugger.debuglogic.interpreter.GenerationController.generateTrace (String, java.util.List, String)","64 B (0,7%)","2 (0,8%)","6 (0,1%)","0,0","1"
"      dibugger.debuglogic.debugger.DebugControl.launchRun (java.util.List)","64 B (0,7%)","2 (0,8%)","6 (0,1%)","0,0","1"
"       dibugger.debuglogic.debugger.DebugLogicFacade.launchRun (java.util.List)","64 B (0,7%)","2 (0,8%)","6 (0,1%)","0,0","1"
"        dibugger.control.DebugLogicController.startDebug ()","64 B (0,7%)","2 (0,8%)","6 (0,1%)","0,0","1"
"         dibugger.control.ControlFacade.startDebug ()","64 B (0,7%)","2 (0,8%)","6 (0,1%)","0,0","1"
"          dibugger.userinterface.MainInterface.startDebug ()","64 B (0,7%)","2 (0,8%)","6 (0,1%)","0,0","1"
"     dibugger.debuglogic.interpreter.RoutineCall.run ()","32 B (0,4%)","1 (0,4%)","3 (0%)","0,0","1"
"      dibugger.debuglogic.interpreter.CallingAssignment.run ()","32 B (0,4%)","1 (0,4%)","3 (0%)","0,0","1"
"       dibugger.debuglogic.interpreter.RoutineCommand.run ()","32 B (0,4%)","1 (0,4%)","3 (0%)","0,0","1"
"        dibugger.debuglogic.interpreter.GenerationController.generateTrace (String, java.util.List, String)","32 B (0,4%)","1 (0,4%)","3 (0%)","0,0","1"
"         dibugger.debuglogic.debugger.DebugControl.launchRun (java.util.List)","32 B (0,4%)","1 (0,4%)","3 (0%)","0,0","1"
"          dibugger.debuglogic.debugger.DebugLogicFacade.launchRun (java.util.List)","32 B (0,4%)","1 (0,4%)","3 (0%)","0,0","1"
"   dibugger.debuglogic.interpreter.WhileCommand.run ()","64 B (0,7%)","2 (0,8%)","6 (0,1%)","0,0","1"
"    dibugger.debuglogic.interpreter.RoutineCommand.run ()","64 B (0,7%)","2 (0,8%)","6 (0,1%)","0,0","1"
"     dibugger.debuglogic.interpreter.GenerationController.generateTrace (String, java.util.List, String)","32 B (0,4%)","1 (0,4%)","3 (0%)","0,0","1"
"      dibugger.debuglogic.debugger.DebugControl.launchRun (java.util.List)","32 B (0,4%)","1 (0,4%)","3 (0%)","0,0","1"
"       dibugger.debuglogic.debugger.DebugLogicFacade.launchRun (java.util.List)","32 B (0,4%)","1 (0,4%)","3 (0%)","0,0","1"
"        dibugger.control.DebugLogicController.startDebug ()","32 B (0,4%)","1 (0,4%)","3 (0%)","0,0","1"
"         dibugger.control.ControlFacade.startDebug ()","32 B (0,4%)","1 (0,4%)","3 (0%)","0,0","1"
"          dibugger.userinterface.MainInterface.startDebug ()","32 B (0,4%)","1 (0,4%)","3 (0%)","0,0","1"
"     dibugger.debuglogic.interpreter.RoutineCall.run ()","32 B (0,4%)","1 (0,4%)","3 (0%)","0,0","1"
"      dibugger.debuglogic.interpreter.CallingAssignment.run ()","32 B (0,4%)","1 (0,4%)","3 (0%)","0,0","1"
"       dibugger.debuglogic.interpreter.RoutineCommand.run ()","32 B (0,4%)","1 (0,4%)","3 (0%)","0,0","1"
"        dibugger.debuglogic.interpreter.GenerationController.generateTrace (String, java.util.List, String)","32 B (0,4%)","1 (0,4%)","3 (0%)","0,0","1"
"         dibugger.debuglogic.debugger.DebugControl.launchRun (java.util.List)","32 B (0,4%)","1 (0,4%)","3 (0%)","0,0","1"
"          dibugger.debuglogic.debugger.DebugLogicFacade.launchRun (java.util.List)","32 B (0,4%)","1 (0,4%)","3 (0%)","0,0","1"
"   dibugger.debuglogic.interpreter.CallingAssignment.run ()","32 B (0,4%)","1 (0,4%)","3 (0%)","0,0","1"
"    dibugger.debuglogic.interpreter.RoutineCommand.run ()","32 B (0,4%)","1 (0,4%)","3 (0%)","0,0","1"
"     dibugger.debuglogic.interpreter.GenerationController.generateTrace (String, java.util.List, String)","32 B (0,4%)","1 (0,4%)","3 (0%)","0,0","1"
"      dibugger.debuglogic.debugger.DebugControl.launchRun (java.util.List)","32 B (0,4%)","1 (0,4%)","3 (0%)","0,0","1"
"       dibugger.debuglogic.debugger.DebugLogicFacade.launchRun (java.util.List)","32 B (0,4%)","1 (0,4%)","3 (0%)","0,0","1"
"        dibugger.control.DebugLogicController.startDebug ()","32 B (0,4%)","1 (0,4%)","3 (0%)","0,0","1"
"         dibugger.control.ControlFacade.startDebug ()","32 B (0,4%)","1 (0,4%)","3 (0%)","0,0","1"
"          dibugger.userinterface.MainInterface.startDebug ()","32 B (0,4%)","1 (0,4%)","3 (0%)","0,0","1"
"dibugger.debuglogic.interpreter.Scope","240 B (2,7%)","6 (2,4%)","15 (0,2%)","2,7","3"
" java.lang.Object.<init> ()","240 B (2,7%)","6 (2,4%)","6 (0,1%)","2,7","3"
"  dibugger.debuglogic.interpreter.Scope.<init> ()","240 B (2,7%)","6 (2,4%)","6 (0,1%)","2,7","3"
"   dibugger.debuglogic.interpreter.GenerationController.generateTrace (String, java.util.List, String)","240 B (2,7%)","6 (2,4%)","6 (0,1%)","2,7","3"
"    dibugger.debuglogic.debugger.DebugControl.launchRun (java.util.List)","240 B (2,7%)","6 (2,4%)","6 (0,1%)","2,7","3"
"     dibugger.debuglogic.debugger.DebugLogicFacade.launchRun (java.util.List)","240 B (2,7%)","6 (2,4%)","6 (0,1%)","2,7","3"
"      dibugger.control.DebugLogicController.startDebug ()","240 B (2,7%)","6 (2,4%)","6 (0,1%)","2,7","3"
"       dibugger.control.ControlFacade.startDebug ()","240 B (2,7%)","6 (2,4%)","6 (0,1%)","2,7","3"
"        dibugger.userinterface.MainInterface.startDebug ()","240 B (2,7%)","6 (2,4%)","6 (0,1%)","2,7","3"
"         dibugger.userinterface.CommandPanel.startDebug ()","240 B (2,7%)","6 (2,4%)","6 (0,1%)","2,7","3"
"          dibugger.userinterface.CommandPanel.lambda$0 (java.awt.event.ActionEvent)","240 B (2,7%)","6 (2,4%)","6 (0,1%)","2,7","3"
"dibugger.debuglogic.interpreter.ConstantTerm","208 B (2,3%)","13 (5,3%)","41 (0,6%)","3,1","2"
" java.lang.Object.<init> ()","208 B (2,3%)","13 (5,3%)","38 (0,6%)","3,1","2"
"  dibugger.debuglogic.interpreter.Term.<init> ()","208 B (2,3%)","13 (5,3%)","38 (0,6%)","3,1","2"
"   dibugger.debuglogic.interpreter.ConstantTerm.<init> (dibugger.debuglogic.interpreter.TermValue)","208 B (2,3%)","13 (5,3%)","38 (0,6%)","3,1","2"
"    dibugger.debuglogic.interpreter.Type.<clinit> ()","128 B (1,4%)","8 (3,2%)","8 (0,1%)","5,0","1"
"     dibugger.debuglogic.interpreter.CommandGenerationVisitor.visitMainFunctionHead (dibugger.debuglogic.antlrparser.WlangParser.MainFunctionHeadContext)","128 B (1,4%)","8 (3,2%)","8 (0,1%)","5,0","1"
"      dibugger.debuglogic.interpreter.CommandGenerationVisitor.visitMainFunctionHead (dibugger.debuglogic.antlrparser.WlangParser.MainFunctionHeadContext)","128 B (1,4%)","8 (3,2%)","8 (0,1%)","5,0","1"
"       dibugger.debuglogic.antlrparser.WlangParser$MainFunctionHeadContext.accept (org.antlr.v4.runtime.tree.ParseTreeVisitor)","128 B (1,4%)","8 (3,2%)","8 (0,1%)","5,0","1"
"        org.antlr.v4.runtime.tree.AbstractParseTreeVisitor.visit (org.antlr.v4.runtime.tree.ParseTree)","128 B (1,4%)","8 (3,2%)","8 (0,1%)","5,0","1"
"         dibugger.debuglogic.interpreter.CommandGenerationVisitor.visitMainRoutine (dibugger.debuglogic.antlrparser.WlangParser.MainRoutineContext)","128 B (1,4%)","8 (3,2%)","8 (0,1%)","5,0","1"
"          dibugger.debuglogic.interpreter.CommandGenerationVisitor.visitMainRoutine (dibugger.debuglogic.antlrparser.WlangParser.MainRoutineContext)","128 B (1,4%)","8 (3,2%)","8 (0,1%)","5,0","1"
"    dibugger.debuglogic.interpreter.TermGenerationVisitor.visitIntLiteral (dibugger.debuglogic.antlrparser.WlangParser.IntLiteralContext)","80 B (0,9%)","5 (2%)","30 (0,5%)","0,0","1"
"     dibugger.debuglogic.interpreter.TermGenerationVisitor.visitIntLiteral (dibugger.debuglogic.antlrparser.WlangParser.IntLiteralContext)","80 B (0,9%)","5 (2%)","30 (0,5%)","0,0","1"
"      dibugger.debuglogic.antlrparser.WlangParser$IntLiteralContext.accept (org.antlr.v4.runtime.tree.ParseTreeVisitor)","80 B (0,9%)","5 (2%)","30 (0,5%)","0,0","1"
"       org.antlr.v4.runtime.tree.AbstractParseTreeVisitor.visit (org.antlr.v4.runtime.tree.ParseTree)","80 B (0,9%)","5 (2%)","30 (0,5%)","0,0","1"
"        dibugger.debuglogic.interpreter.CommandGenerationVisitor.visitDeclareAssign (dibugger.debuglogic.antlrparser.WlangParser.DeclareAssignContext)","48 B (0,5%)","3 (1,2%)","18 (0,3%)","0,0","1"
"         dibugger.debuglogic.interpreter.CommandGenerationVisitor.visitDeclareAssign (dibugger.debuglogic.antlrparser.WlangParser.DeclareAssignContext)","48 B (0,5%)","3 (1,2%)","18 (0,3%)","0,0","1"
"          dibugger.debuglogic.antlrparser.WlangParser$DeclareAssignContext.accept (org.antlr.v4.runtime.tree.ParseTreeVisitor)","48 B (0,5%)","3 (1,2%)","18 (0,3%)","0,0","1"
"        dibugger.debuglogic.interpreter.TermGenerationVisitor.visitAddition (dibugger.debuglogic.antlrparser.WlangParser.AdditionContext)","16 B (0,2%)","1 (0,4%)","6 (0,1%)","0,0","1"
"         dibugger.debuglogic.interpreter.TermGenerationVisitor.visitAddition (dibugger.debuglogic.antlrparser.WlangParser.AdditionContext)","16 B (0,2%)","1 (0,4%)","6 (0,1%)","0,0","1"
"          dibugger.debuglogic.antlrparser.WlangParser$AdditionContext.accept (org.antlr.v4.runtime.tree.ParseTreeVisitor)","16 B (0,2%)","1 (0,4%)","6 (0,1%)","0,0","1"
"        dibugger.debuglogic.interpreter.TermGenerationVisitor.visitInputparameterNoArray (dibugger.debuglogic.antlrparser.WlangParser.InputparameterNoArrayContext)","16 B (0,2%)","1 (0,4%)","6 (0,1%)","0,0","1"
"         dibugger.debuglogic.interpreter.TermGenerationVisitor.visitInputparameterNoArray (dibugger.debuglogic.antlrparser.WlangParser.InputparameterNoArrayContext)","16 B (0,2%)","1 (0,4%)","6 (0,1%)","0,0","1"
"          dibugger.debuglogic.antlrparser.WlangParser$InputparameterNoArrayContext.accept (org.antlr.v4.runtime.tree.ParseTreeVisitor)","16 B (0,2%)","1 (0,4%)","6 (0,1%)","0,0","1"
"dibugger.debuglogic.interpreter.Type","192 B (2,1%)","8 (3,2%)","8 (0,1%)","5,0","1"
" java.lang.Object.<init> ()","192 B (2,1%)","8 (3,2%)","8 (0,1%)","5,0","1"
"  java.lang.Enum.<init> (String, int)","192 B (2,1%)","8 (3,2%)","8 (0,1%)","5,0","1"
"   dibugger.debuglogic.interpreter.Type.<init> (String, int, dibugger.debuglogic.interpreter.Term)","192 B (2,1%)","8 (3,2%)","8 (0,1%)","5,0","1"
"    dibugger.debuglogic.interpreter.Type.<clinit> ()","192 B (2,1%)","8 (3,2%)","8 (0,1%)","5,0","1"
"     dibugger.debuglogic.interpreter.CommandGenerationVisitor.visitMainFunctionHead (dibugger.debuglogic.antlrparser.WlangParser.MainFunctionHeadContext)","192 B (2,1%)","8 (3,2%)","8 (0,1%)","5,0","1"
"      dibugger.debuglogic.interpreter.CommandGenerationVisitor.visitMainFunctionHead (dibugger.debuglogic.antlrparser.WlangParser.MainFunctionHeadContext)","192 B (2,1%)","8 (3,2%)","8 (0,1%)","5,0","1"
"       dibugger.debuglogic.antlrparser.WlangParser$MainFunctionHeadContext.accept (org.antlr.v4.runtime.tree.ParseTreeVisitor)","192 B (2,1%)","8 (3,2%)","8 (0,1%)","5,0","1"
"        org.antlr.v4.runtime.tree.AbstractParseTreeVisitor.visit (org.antlr.v4.runtime.tree.ParseTree)","192 B (2,1%)","8 (3,2%)","8 (0,1%)","5,0","1"
"         dibugger.debuglogic.interpreter.CommandGenerationVisitor.visitMainRoutine (dibugger.debuglogic.antlrparser.WlangParser.MainRoutineContext)","192 B (2,1%)","8 (3,2%)","8 (0,1%)","5,0","1"
"          dibugger.debuglogic.interpreter.CommandGenerationVisitor.visitMainRoutine (dibugger.debuglogic.antlrparser.WlangParser.MainRoutineContext)","192 B (2,1%)","8 (3,2%)","8 (0,1%)","5,0","1"
"dibugger.debuglogic.interpreter.VariableTerm","128 B (1,4%)","8 (3,2%)","51 (0,8%)","0,0","1"
" java.lang.Object.<init> ()","128 B (1,4%)","8 (3,2%)","39 (0,6%)","0,0","1"
"  dibugger.debuglogic.interpreter.Term.<init> ()","128 B (1,4%)","8 (3,2%)","39 (0,6%)","0,0","1"
"   dibugger.debuglogic.interpreter.VariableTerm.<init> (String)","128 B (1,4%)","8 (3,2%)","39 (0,6%)","0,0","1"
"    dibugger.debuglogic.interpreter.TermGenerationVisitor.visitId (dibugger.debuglogic.antlrparser.WlangParser.IdContext)","128 B (1,4%)","8 (3,2%)","39 (0,6%)","0,0","1"
"     dibugger.debuglogic.interpreter.TermGenerationVisitor.visitId (dibugger.debuglogic.antlrparser.WlangParser.IdContext)","128 B (1,4%)","8 (3,2%)","39 (0,6%)","0,0","1"
"      dibugger.debuglogic.antlrparser.WlangParser$IdContext.accept (org.antlr.v4.runtime.tree.ParseTreeVisitor)","128 B (1,4%)","8 (3,2%)","39 (0,6%)","0,0","1"
"       org.antlr.v4.runtime.tree.AbstractParseTreeVisitor.visit (org.antlr.v4.runtime.tree.ParseTree)","128 B (1,4%)","8 (3,2%)","39 (0,6%)","0,0","1"
"        dibugger.debuglogic.interpreter.TermGenerationVisitor.visitAddition (dibugger.debuglogic.antlrparser.WlangParser.AdditionContext)","48 B (0,5%)","3 (1,2%)","18 (0,3%)","0,0","1"
"         dibugger.debuglogic.interpreter.TermGenerationVisitor.visitAddition (dibugger.debuglogic.antlrparser.WlangParser.AdditionContext)","48 B (0,5%)","3 (1,2%)","18 (0,3%)","0,0","1"
"          dibugger.debuglogic.antlrparser.WlangParser$AdditionContext.accept (org.antlr.v4.runtime.tree.ParseTreeVisitor)","48 B (0,5%)","3 (1,2%)","18 (0,3%)","0,0","1"
"        dibugger.debuglogic.interpreter.TermGenerationVisitor.visitLessComp (dibugger.debuglogic.antlrparser.WlangParser.LessCompContext)","32 B (0,4%)","2 (0,8%)","9 (0,1%)","0,0","1"
"         dibugger.debuglogic.interpreter.TermGenerationVisitor.visitLessComp (dibugger.debuglogic.antlrparser.WlangParser.LessCompContext)","32 B (0,4%)","2 (0,8%)","9 (0,1%)","0,0","1"
"          dibugger.debuglogic.antlrparser.WlangParser$LessCompContext.accept (org.antlr.v4.runtime.tree.ParseTreeVisitor)","32 B (0,4%)","2 (0,8%)","9 (0,1%)","0,0","1"
"        dibugger.debuglogic.interpreter.CommandGenerationVisitor.visitReturnState (dibugger.debuglogic.antlrparser.WlangParser.ReturnStateContext)","32 B (0,4%)","2 (0,8%)","9 (0,1%)","0,0","1"
"         dibugger.debuglogic.interpreter.CommandGenerationVisitor.visitReturnState (dibugger.debuglogic.antlrparser.WlangParser.ReturnStateContext)","32 B (0,4%)","2 (0,8%)","9 (0,1%)","0,0","1"
"          dibugger.debuglogic.antlrparser.WlangParser$ReturnStateContext.accept (org.antlr.v4.runtime.tree.ParseTreeVisitor)","32 B (0,4%)","2 (0,8%)","9 (0,1%)","0,0","1"
"        dibugger.debuglogic.interpreter.CommandGenerationVisitor.visitFuncCall (dibugger.debuglogic.antlrparser.WlangParser.FuncCallContext)","16 B (0,2%)","1 (0,4%)","3 (0%)","0,0","1"
"         dibugger.debuglogic.interpreter.CommandGenerationVisitor.visitFuncCall (dibugger.debuglogic.antlrparser.WlangParser.FuncCallContext)","16 B (0,2%)","1 (0,4%)","3 (0%)","0,0","1"
"          dibugger.debuglogic.antlrparser.WlangParser$FuncCallContext.accept (org.antlr.v4.runtime.tree.ParseTreeVisitor)","16 B (0,2%)","1 (0,4%)","3 (0%)","0,0","1"
"dibugger.debuglogic.interpreter.VariableRelationalTerm","96 B (1,1%)","4 (1,6%)","466 (7,3%)","0,0","1"
" java.lang.Object.<init> ()","96 B (1,1%)","4 (1,6%)","466 (7,3%)","0,0","1"
"  dibugger.debuglogic.interpreter.Term.<init> ()","96 B (1,1%)","4 (1,6%)","466 (7,3%)","0,0","1"
"   dibugger.debuglogic.interpreter.VariableRelationalTerm.<init> (String)","96 B (1,1%)","4 (1,6%)","466 (7,3%)","0,0","1"
"    dibugger.debuglogic.interpreter.TermGenerationVisitor.visitRelId (dibugger.debuglogic.antlrparser.WlangParser.RelIdContext)","96 B (1,1%)","4 (1,6%)","466 (7,3%)","0,0","1"
"     dibugger.debuglogic.interpreter.TermGenerationVisitor.visitRelId (dibugger.debuglogic.antlrparser.WlangParser.RelIdContext)","96 B (1,1%)","4 (1,6%)","466 (7,3%)","0,0","1"
"      dibugger.debuglogic.antlrparser.WlangParser$RelIdContext.accept (org.antlr.v4.runtime.tree.ParseTreeVisitor)","96 B (1,1%)","4 (1,6%)","466 (7,3%)","0,0","1"
"       org.antlr.v4.runtime.tree.AbstractParseTreeVisitor.visit (org.antlr.v4.runtime.tree.ParseTree)","96 B (1,1%)","4 (1,6%)","466 (7,3%)","0,0","1"
"        dibugger.debuglogic.interpreter.TermGenerationVisitor.visitMultiplication (dibugger.debuglogic.antlrparser.WlangParser.MultiplicationContext)","48 B (0,5%)","2 (0,8%)","232 (3,7%)","0,0","1"
"         dibugger.debuglogic.interpreter.TermGenerationVisitor.visitMultiplication (dibugger.debuglogic.antlrparser.WlangParser.MultiplicationContext)","48 B (0,5%)","2 (0,8%)","232 (3,7%)","0,0","1"
"          dibugger.debuglogic.antlrparser.WlangParser$MultiplicationContext.accept (org.antlr.v4.runtime.tree.ParseTreeVisitor)","48 B (0,5%)","2 (0,8%)","232 (3,7%)","0,0","1"
"        dibugger.debuglogic.interpreter.TermGenerationVisitor.visitLessEqualComp (dibugger.debuglogic.antlrparser.WlangParser.LessEqualCompContext)","48 B (0,5%)","2 (0,8%)","234 (3,7%)","0,0","1"
"         dibugger.debuglogic.interpreter.TermGenerationVisitor.visitLessEqualComp (dibugger.debuglogic.antlrparser.WlangParser.LessEqualCompContext)","48 B (0,5%)","2 (0,8%)","234 (3,7%)","0,0","1"
"          dibugger.debuglogic.antlrparser.WlangParser$LessEqualCompContext.accept (org.antlr.v4.runtime.tree.ParseTreeVisitor)","48 B (0,5%)","2 (0,8%)","234 (3,7%)","0,0","1"
"dibugger.debuglogic.interpreter.RoutineCommand","96 B (1,1%)","2 (0,8%)","9 (0,1%)","0,0","1"
" java.lang.Object.<init> ()","96 B (1,1%)","2 (0,8%)","9 (0,1%)","0,0","1"
"  dibugger.debuglogic.interpreter.Command.<init> (dibugger.debuglogic.interpreter.GenerationController, int)","96 B (1,1%)","2 (0,8%)","9 (0,1%)","0,0","1"
"   dibugger.debuglogic.interpreter.RoutineCommand.<init> (dibugger.debuglogic.interpreter.GenerationController, String, int, java.util.List, java.util.List, dibugger.debuglogic.interpreter.Type)","96 B (1,1%)","2 (0,8%)","9 (0,1%)","0,0","1"
"    dibugger.debuglogic.interpreter.CommandGenerationVisitor.visitMainFunctionHead (dibugger.debuglogic.antlrparser.WlangParser.MainFunctionHeadContext)","48 B (0,5%)","1 (0,4%)","6 (0,1%)","0,0","1"
"     dibugger.debuglogic.interpreter.CommandGenerationVisitor.visitMainFunctionHead (dibugger.debuglogic.antlrparser.WlangParser.MainFunctionHeadContext)","48 B (0,5%)","1 (0,4%)","6 (0,1%)","0,0","1"
"      dibugger.debuglogic.antlrparser.WlangParser$MainFunctionHeadContext.accept (org.antlr.v4.runtime.tree.ParseTreeVisitor)","48 B (0,5%)","1 (0,4%)","6 (0,1%)","0,0","1"
"       org.antlr.v4.runtime.tree.AbstractParseTreeVisitor.visit (org.antlr.v4.runtime.tree.ParseTree)","48 B (0,5%)","1 (0,4%)","6 (0,1%)","0,0","1"
"        dibugger.debuglogic.interpreter.CommandGenerationVisitor.visitMainRoutine (dibugger.debuglogic.antlrparser.WlangParser.MainRoutineContext)","48 B (0,5%)","1 (0,4%)","6 (0,1%)","0,0","1"
"         dibugger.debuglogic.interpreter.CommandGenerationVisitor.visitMainRoutine (dibugger.debuglogic.antlrparser.WlangParser.MainRoutineContext)","48 B (0,5%)","1 (0,4%)","6 (0,1%)","0,0","1"
"          dibugger.debuglogic.antlrparser.WlangParser$MainRoutineContext.accept (org.antlr.v4.runtime.tree.ParseTreeVisitor)","48 B (0,5%)","1 (0,4%)","6 (0,1%)","0,0","1"
"    dibugger.debuglogic.interpreter.CommandGenerationVisitor.visitFunctionHead (dibugger.debuglogic.antlrparser.WlangParser.FunctionHeadContext)","48 B (0,5%)","1 (0,4%)","3 (0%)","0,0","1"
"     dibugger.debuglogic.interpreter.CommandGenerationVisitor.visitFunctionHead (dibugger.debuglogic.antlrparser.WlangParser.FunctionHeadContext)","48 B (0,5%)","1 (0,4%)","3 (0%)","0,0","1"
"      dibugger.debuglogic.antlrparser.WlangParser$FunctionHeadContext.accept (org.antlr.v4.runtime.tree.ParseTreeVisitor)","48 B (0,5%)","1 (0,4%)","3 (0%)","0,0","1"
"       org.antlr.v4.runtime.tree.AbstractParseTreeVisitor.visit (org.antlr.v4.runtime.tree.ParseTree)","48 B (0,5%)","1 (0,4%)","3 (0%)","0,0","1"
"        dibugger.debuglogic.interpreter.CommandGenerationVisitor.visitRoutine (dibugger.debuglogic.antlrparser.WlangParser.RoutineContext)","48 B (0,5%)","1 (0,4%)","3 (0%)","0,0","1"
"         dibugger.debuglogic.interpreter.CommandGenerationVisitor.visitRoutine (dibugger.debuglogic.antlrparser.WlangParser.RoutineContext)","48 B (0,5%)","1 (0,4%)","3 (0%)","0,0","1"
"          dibugger.debuglogic.antlrparser.WlangParser$RoutineContext.accept (org.antlr.v4.runtime.tree.ParseTreeVisitor)","48 B (0,5%)","1 (0,4%)","3 (0%)","0,0","1"
"dibugger.debuglogic.interpreter.DeclarationAssignment","96 B (1,1%)","3 (1,2%)","18 (0,3%)","0,0","1"
" java.lang.Object.<init> ()","96 B (1,1%)","3 (1,2%)","18 (0,3%)","0,0","1"
"  dibugger.debuglogic.interpreter.Command.<init> (dibugger.debuglogic.interpreter.GenerationController, int)","96 B (1,1%)","3 (1,2%)","18 (0,3%)","0,0","1"
"   dibugger.debuglogic.interpreter.DeclarationAssignment.<init> (dibugger.debuglogic.interpreter.GenerationController, int, String, dibugger.debuglogic.interpreter.Type, dibugger.debuglogic.interpreter.Term)","96 B (1,1%)","3 (1,2%)","18 (0,3%)","0,0","1"
"    dibugger.debuglogic.interpreter.CommandGenerationVisitor.visitDeclareAssign (dibugger.debuglogic.antlrparser.WlangParser.DeclareAssignContext)","96 B (1,1%)","3 (1,2%)","18 (0,3%)","0,0","1"
"     dibugger.debuglogic.interpreter.CommandGenerationVisitor.visitDeclareAssign (dibugger.debuglogic.antlrparser.WlangParser.DeclareAssignContext)","96 B (1,1%)","3 (1,2%)","18 (0,3%)","0,0","1"
"      dibugger.debuglogic.antlrparser.WlangParser$DeclareAssignContext.accept (org.antlr.v4.runtime.tree.ParseTreeVisitor)","96 B (1,1%)","3 (1,2%)","18 (0,3%)","0,0","1"
"       org.antlr.v4.runtime.tree.AbstractParseTreeVisitor.visitChildren (org.antlr.v4.runtime.tree.RuleNode)","96 B (1,1%)","3 (1,2%)","18 (0,3%)","0,0","1"
"        dibugger.debuglogic.antlrparser.WlangBaseVisitor.visitAssignment (dibugger.debuglogic.antlrparser.WlangParser.AssignmentContext)","96 B (1,1%)","3 (1,2%)","18 (0,3%)","0,0","1"
"         dibugger.debuglogic.antlrparser.WlangParser$AssignmentContext.accept (org.antlr.v4.runtime.tree.ParseTreeVisitor)","96 B (1,1%)","3 (1,2%)","18 (0,3%)","0,0","1"
"          org.antlr.v4.runtime.tree.AbstractParseTreeVisitor.visit (org.antlr.v4.runtime.tree.ParseTree)","96 B (1,1%)","3 (1,2%)","18 (0,3%)","0,0","1"
"dibugger.debuglogic.interpreter.TraceStatePosition","72 B (0,8%)","3 (1,2%)","3 (0%)","5,0","1"
" java.lang.Object.<init> ()","72 B (0,8%)","3 (1,2%)","3 (0%)","5,0","1"
"  java.lang.Enum.<init> (String, int)","72 B (0,8%)","3 (1,2%)","3 (0%)","5,0","1"
"   dibugger.debuglogic.interpreter.TraceStatePosition.<init> (String, int)","72 B (0,8%)","3 (1,2%)","3 (0%)","5,0","1"
"    dibugger.debuglogic.interpreter.TraceStatePosition.<clinit> ()","72 B (0,8%)","3 (1,2%)","3 (0%)","5,0","1"
"     dibugger.debuglogic.interpreter.RoutineCommand.run ()","72 B (0,8%)","3 (1,2%)","3 (0%)","5,0","1"
"      dibugger.debuglogic.interpreter.GenerationController.generateTrace (String, java.util.List, String)","72 B (0,8%)","3 (1,2%)","3 (0%)","5,0","1"
"       dibugger.debuglogic.debugger.DebugControl.launchRun (java.util.List)","72 B (0,8%)","3 (1,2%)","3 (0%)","5,0","1"
"        dibugger.debuglogic.debugger.DebugLogicFacade.launchRun (java.util.List)","72 B (0,8%)","3 (1,2%)","3 (0%)","5,0","1"
"         dibugger.control.DebugLogicController.startDebug ()","72 B (0,8%)","3 (1,2%)","3 (0%)","5,0","1"
"          dibugger.control.ControlFacade.startDebug ()","72 B (0,8%)","3 (1,2%)","3 (0%)","5,0","1"
"dibugger.debuglogic.debugger.ProgramInput","64 B (0,7%)","2 (0,8%)","48 (0,8%)","0,0","1"
" java.lang.Object.<init> ()","64 B (0,7%)","2 (0,8%)","6 (0,1%)","0,0","1"
"  dibugger.debuglogic.debugger.ProgramInput.<init> (String, java.util.List, int, String)","64 B (0,7%)","2 (0,8%)","6 (0,1%)","0,0","1"
"   dibugger.control.TextInputBuffer.getProgramInput ()","64 B (0,7%)","2 (0,8%)","6 (0,1%)","0,0","1"
"    dibugger.control.DebugLogicController.getProgramInput ()","64 B (0,7%)","2 (0,8%)","6 (0,1%)","0,0","1"
"     dibugger.control.DebugLogicController.startDebug ()","64 B (0,7%)","2 (0,8%)","6 (0,1%)","0,0","1"
"      dibugger.control.ControlFacade.startDebug ()","64 B (0,7%)","2 (0,8%)","6 (0,1%)","0,0","1"
"       dibugger.userinterface.MainInterface.startDebug ()","64 B (0,7%)","2 (0,8%)","6 (0,1%)","0,0","1"
"        dibugger.userinterface.CommandPanel.startDebug ()","64 B (0,7%)","2 (0,8%)","6 (0,1%)","0,0","1"
"         dibugger.userinterface.CommandPanel.lambda$0 (java.awt.event.ActionEvent)","64 B (0,7%)","2 (0,8%)","6 (0,1%)","0,0","1"
"          dibugger.userinterface.CommandPanel$$Lambda$54.900008524.actionPerformed (java.awt.event.ActionEvent)","64 B (0,7%)","2 (0,8%)","6 (0,1%)","0,0","1"
"dibugger.debuglogic.interpreter.Assignment","64 B (0,7%)","2 (0,8%)","15 (0,2%)","0,0","1"
" java.lang.Object.<init> ()","64 B (0,7%)","2 (0,8%)","15 (0,2%)","0,0","1"
"  dibugger.debuglogic.interpreter.Command.<init> (dibugger.debuglogic.interpreter.GenerationController, int)","64 B (0,7%)","2 (0,8%)","15 (0,2%)","0,0","1"
"   dibugger.debuglogic.interpreter.Assignment.<init> (dibugger.debuglogic.interpreter.GenerationController, int, String, dibugger.debuglogic.interpreter.Term)","64 B (0,7%)","2 (0,8%)","15 (0,2%)","0,0","1"
"    dibugger.debuglogic.interpreter.CommandGenerationVisitor.visitPureAssign (dibugger.debuglogic.antlrparser.WlangParser.PureAssignContext)","64 B (0,7%)","2 (0,8%)","15 (0,2%)","0,0","1"
"     dibugger.debuglogic.interpreter.CommandGenerationVisitor.visitPureAssign (dibugger.debuglogic.antlrparser.WlangParser.PureAssignContext)","64 B (0,7%)","2 (0,8%)","15 (0,2%)","0,0","1"
"      dibugger.debuglogic.antlrparser.WlangParser$PureAssignContext.accept (org.antlr.v4.runtime.tree.ParseTreeVisitor)","64 B (0,7%)","2 (0,8%)","15 (0,2%)","0,0","1"
"       org.antlr.v4.runtime.tree.AbstractParseTreeVisitor.visitChildren (org.antlr.v4.runtime.tree.RuleNode)","64 B (0,7%)","2 (0,8%)","15 (0,2%)","0,0","1"
"        dibugger.debuglogic.antlrparser.WlangBaseVisitor.visitAssignment (dibugger.debuglogic.antlrparser.WlangParser.AssignmentContext)","64 B (0,7%)","2 (0,8%)","15 (0,2%)","0,0","1"
"         dibugger.debuglogic.antlrparser.WlangParser$AssignmentContext.accept (org.antlr.v4.runtime.tree.ParseTreeVisitor)","64 B (0,7%)","2 (0,8%)","15 (0,2%)","0,0","1"
"          org.antlr.v4.runtime.tree.AbstractParseTreeVisitor.visit (org.antlr.v4.runtime.tree.ParseTree)","64 B (0,7%)","2 (0,8%)","15 (0,2%)","0,0","1"
"dibugger.debuglogic.interpreter.AdditionTerm","48 B (0,5%)","2 (0,8%)","12 (0,2%)","0,0","1"
" java.lang.Object.<init> ()","48 B (0,5%)","2 (0,8%)","12 (0,2%)","0,0","1"
"  dibugger.debuglogic.interpreter.Term.<init> ()","48 B (0,5%)","2 (0,8%)","12 (0,2%)","0,0","1"
"   dibugger.debuglogic.interpreter.BinaryArithmeticTerm.<init> ()","48 B (0,5%)","2 (0,8%)","12 (0,2%)","0,0","1"
"    dibugger.debuglogic.interpreter.AdditionTerm.<init> (dibugger.debuglogic.interpreter.Term, dibugger.debuglogic.interpreter.Term)","48 B (0,5%)","2 (0,8%)","12 (0,2%)","0,0","1"
"     dibugger.debuglogic.interpreter.TermGenerationVisitor.visitAddition (dibugger.debuglogic.antlrparser.WlangParser.AdditionContext)","48 B (0,5%)","2 (0,8%)","12 (0,2%)","0,0","1"
"      dibugger.debuglogic.interpreter.TermGenerationVisitor.visitAddition (dibugger.debuglogic.antlrparser.WlangParser.AdditionContext)","48 B (0,5%)","2 (0,8%)","12 (0,2%)","0,0","1"
"       dibugger.debuglogic.antlrparser.WlangParser$AdditionContext.accept (org.antlr.v4.runtime.tree.ParseTreeVisitor)","48 B (0,5%)","2 (0,8%)","12 (0,2%)","0,0","1"
"        org.antlr.v4.runtime.tree.AbstractParseTreeVisitor.visit (org.antlr.v4.runtime.tree.ParseTree)","48 B (0,5%)","2 (0,8%)","12 (0,2%)","0,0","1"
"         dibugger.debuglogic.interpreter.CommandGenerationVisitor.visitPureAssign (dibugger.debuglogic.antlrparser.WlangParser.PureAssignContext)","48 B (0,5%)","2 (0,8%)","12 (0,2%)","0,0","1"
"          dibugger.debuglogic.interpreter.CommandGenerationVisitor.visitPureAssign (dibugger.debuglogic.antlrparser.WlangParser.PureAssignContext)","48 B (0,5%)","2 (0,8%)","12 (0,2%)","0,0","1"
"dibugger.debuglogic.interpreter.ReturnCommand","48 B (0,5%)","2 (0,8%)","9 (0,1%)","0,0","1"
" java.lang.Object.<init> ()","48 B (0,5%)","2 (0,8%)","9 (0,1%)","0,0","1"
"  dibugger.debuglogic.interpreter.Command.<init> (dibugger.debuglogic.interpreter.GenerationController, int)","48 B (0,5%)","2 (0,8%)","9 (0,1%)","0,0","1"
"   dibugger.debuglogic.interpreter.ReturnCommand.<init> (dibugger.debuglogic.interpreter.GenerationController, int, dibugger.debuglogic.interpreter.Term)","48 B (0,5%)","2 (0,8%)","9 (0,1%)","0,0","1"
"    dibugger.debuglogic.interpreter.CommandGenerationVisitor.visitReturnState (dibugger.debuglogic.antlrparser.WlangParser.ReturnStateContext)","48 B (0,5%)","2 (0,8%)","9 (0,1%)","0,0","1"
"     dibugger.debuglogic.interpreter.CommandGenerationVisitor.visitReturnState (dibugger.debuglogic.antlrparser.WlangParser.ReturnStateContext)","48 B (0,5%)","2 (0,8%)","9 (0,1%)","0,0","1"
"      dibugger.debuglogic.antlrparser.WlangParser$ReturnStateContext.accept (org.antlr.v4.runtime.tree.ParseTreeVisitor)","48 B (0,5%)","2 (0,8%)","9 (0,1%)","0,0","1"
"       org.antlr.v4.runtime.tree.AbstractParseTreeVisitor.visit (org.antlr.v4.runtime.tree.ParseTree)","48 B (0,5%)","2 (0,8%)","9 (0,1%)","0,0","1"
"        dibugger.debuglogic.interpreter.CommandGenerationVisitor.visitStatement (dibugger.debuglogic.antlrparser.WlangParser.StatementContext)","48 B (0,5%)","2 (0,8%)","9 (0,1%)","0,0","1"
"         dibugger.debuglogic.interpreter.CommandGenerationVisitor.visitStatement (dibugger.debuglogic.antlrparser.WlangParser.StatementContext)","48 B (0,5%)","2 (0,8%)","9 (0,1%)","0,0","1"
"          dibugger.debuglogic.antlrparser.WlangParser$StatementContext.accept (org.antlr.v4.runtime.tree.ParseTreeVisitor)","48 B (0,5%)","2 (0,8%)","9 (0,1%)","0,0","1"
"dibugger.debuglogic.interpreter.TermGenerationVisitor","32 B (0,4%)","2 (0,8%)","245 (3,9%)","0,0","1"
" java.lang.Object.<init> ()","32 B (0,4%)","2 (0,8%)","12 (0,2%)","0,0","1"
"  org.antlr.v4.runtime.tree.AbstractParseTreeVisitor.<init> ()","32 B (0,4%)","2 (0,8%)","12 (0,2%)","0,0","1"
"   dibugger.debuglogic.antlrparser.WlangBaseVisitor.<init> ()","32 B (0,4%)","2 (0,8%)","12 (0,2%)","0,0","1"
"    dibugger.debuglogic.interpreter.TermGenerationVisitor.<init> ()","32 B (0,4%)","2 (0,8%)","12 (0,2%)","0,0","1"
"     dibugger.debuglogic.interpreter.CommandGenerationVisitor.<init> (dibugger.debuglogic.interpreter.GenerationController)","16 B (0,2%)","1 (0,4%)","6 (0,1%)","0,0","1"
"      dibugger.debuglogic.interpreter.GenerationController.generateTrace (String, java.util.List, String)","16 B (0,2%)","1 (0,4%)","6 (0,1%)","0,0","1"
"       dibugger.debuglogic.debugger.DebugControl.launchRun (java.util.List)","16 B (0,2%)","1 (0,4%)","6 (0,1%)","0,0","1"
"        dibugger.debuglogic.debugger.DebugLogicFacade.launchRun (java.util.List)","16 B (0,2%)","1 (0,4%)","6 (0,1%)","0,0","1"
"         dibugger.control.DebugLogicController.startDebug ()","16 B (0,2%)","1 (0,4%)","6 (0,1%)","0,0","1"
"          dibugger.control.ControlFacade.startDebug ()","16 B (0,2%)","1 (0,4%)","6 (0,1%)","0,0","1"
"     dibugger.debuglogic.interpreter.GenerationController.generateTrace (String, java.util.List, String)","16 B (0,2%)","1 (0,4%)","6 (0,1%)","0,0","1"
"      dibugger.debuglogic.debugger.DebugControl.launchRun (java.util.List)","16 B (0,2%)","1 (0,4%)","6 (0,1%)","0,0","1"
"       dibugger.debuglogic.debugger.DebugLogicFacade.launchRun (java.util.List)","16 B (0,2%)","1 (0,4%)","6 (0,1%)","0,0","1"
"        dibugger.control.DebugLogicController.startDebug ()","16 B (0,2%)","1 (0,4%)","6 (0,1%)","0,0","1"
"         dibugger.control.ControlFacade.startDebug ()","16 B (0,2%)","1 (0,4%)","6 (0,1%)","0,0","1"
"          dibugger.userinterface.MainInterface.startDebug ()","16 B (0,2%)","1 (0,4%)","6 (0,1%)","0,0","1"
"dibugger.debuglogic.interpreter.WhileCommand","32 B (0,4%)","1 (0,4%)","6 (0,1%)","0,0","1"
" java.lang.Object.<init> ()","32 B (0,4%)","1 (0,4%)","6 (0,1%)","0,0","1"
"  dibugger.debuglogic.interpreter.Command.<init> (dibugger.debuglogic.interpreter.GenerationController, int)","32 B (0,4%)","1 (0,4%)","6 (0,1%)","0,0","1"
"   dibugger.debuglogic.interpreter.WhileCommand.<init> (dibugger.debuglogic.interpreter.GenerationController, int, dibugger.debuglogic.interpreter.Term)","32 B (0,4%)","1 (0,4%)","6 (0,1%)","0,0","1"
"    dibugger.debuglogic.interpreter.CommandGenerationVisitor.visitWhileWithBlock (dibugger.debuglogic.antlrparser.WlangParser.WhileWithBlockContext)","32 B (0,4%)","1 (0,4%)","6 (0,1%)","0,0","1"
"     dibugger.debuglogic.interpreter.CommandGenerationVisitor.visitWhileWithBlock (dibugger.debuglogic.antlrparser.WlangParser.WhileWithBlockContext)","32 B (0,4%)","1 (0,4%)","6 (0,1%)","0,0","1"
"      dibugger.debuglogic.antlrparser.WlangParser$WhileWithBlockContext.accept (org.antlr.v4.runtime.tree.ParseTreeVisitor)","32 B (0,4%)","1 (0,4%)","6 (0,1%)","0,0","1"
"       org.antlr.v4.runtime.tree.AbstractParseTreeVisitor.visit (org.antlr.v4.runtime.tree.ParseTree)","32 B (0,4%)","1 (0,4%)","6 (0,1%)","0,0","1"
"        dibugger.debuglogic.interpreter.CommandGenerationVisitor.visitStatement (dibugger.debuglogic.antlrparser.WlangParser.StatementContext)","32 B (0,4%)","1 (0,4%)","6 (0,1%)","0,0","1"
"         dibugger.debuglogic.interpreter.CommandGenerationVisitor.visitStatement (dibugger.debuglogic.antlrparser.WlangParser.StatementContext)","32 B (0,4%)","1 (0,4%)","6 (0,1%)","0,0","1"
"          dibugger.debuglogic.antlrparser.WlangParser$StatementContext.accept (org.antlr.v4.runtime.tree.ParseTreeVisitor)","32 B (0,4%)","1 (0,4%)","6 (0,1%)","0,0","1"
"dibugger.debuglogic.interpreter.RoutineCall","32 B (0,4%)","1 (0,4%)","3 (0%)","0,0","1"
" java.lang.Object.<init> ()","32 B (0,4%)","1 (0,4%)","3 (0%)","0,0","1"
"  dibugger.debuglogic.interpreter.Command.<init> (dibugger.debuglogic.interpreter.GenerationController, int)","32 B (0,4%)","1 (0,4%)","3 (0%)","0,0","1"
"   dibugger.debuglogic.interpreter.RoutineCall.<init> (dibugger.debuglogic.interpreter.GenerationController, int, String, java.util.List)","32 B (0,4%)","1 (0,4%)","3 (0%)","0,0","1"
"    dibugger.debuglogic.interpreter.CommandGenerationVisitor.visitFuncCall (dibugger.debuglogic.antlrparser.WlangParser.FuncCallContext)","32 B (0,4%)","1 (0,4%)","3 (0%)","0,0","1"
"     dibugger.debuglogic.interpreter.CommandGenerationVisitor.visitFuncCall (dibugger.debuglogic.antlrparser.WlangParser.FuncCallContext)","32 B (0,4%)","1 (0,4%)","3 (0%)","0,0","1"
"      dibugger.debuglogic.antlrparser.WlangParser$FuncCallContext.accept (org.antlr.v4.runtime.tree.ParseTreeVisitor)","32 B (0,4%)","1 (0,4%)","3 (0%)","0,0","1"
"       org.antlr.v4.runtime.tree.AbstractParseTreeVisitor.visit (org.antlr.v4.runtime.tree.ParseTree)","32 B (0,4%)","1 (0,4%)","3 (0%)","0,0","1"
"        dibugger.debuglogic.interpreter.CommandGenerationVisitor.visitCallingAssign (dibugger.debuglogic.antlrparser.WlangParser.CallingAssignContext)","32 B (0,4%)","1 (0,4%)","3 (0%)","0,0","1"
"         dibugger.debuglogic.interpreter.CommandGenerationVisitor.visitCallingAssign (dibugger.debuglogic.antlrparser.WlangParser.CallingAssignContext)","32 B (0,4%)","1 (0,4%)","3 (0%)","0,0","1"
"          dibugger.debuglogic.antlrparser.WlangParser$CallingAssignContext.accept (org.antlr.v4.runtime.tree.ParseTreeVisitor)","32 B (0,4%)","1 (0,4%)","3 (0%)","0,0","1"
"dibugger.debuglogic.interpreter.CallingAssignment","32 B (0,4%)","1 (0,4%)","3 (0%)","0,0","1"
" java.lang.Object.<init> ()","32 B (0,4%)","1 (0,4%)","3 (0%)","0,0","1"
"  dibugger.debuglogic.interpreter.Command.<init> (dibugger.debuglogic.interpreter.GenerationController, int)","32 B (0,4%)","1 (0,4%)","3 (0%)","0,0","1"
"   dibugger.debuglogic.interpreter.CallingAssignment.<init> (dibugger.debuglogic.interpreter.GenerationController, int, String, dibugger.debuglogic.interpreter.Command)","32 B (0,4%)","1 (0,4%)","3 (0%)","0,0","1"
"    dibugger.debuglogic.interpreter.CommandGenerationVisitor.visitCallingAssign (dibugger.debuglogic.antlrparser.WlangParser.CallingAssignContext)","32 B (0,4%)","1 (0,4%)","3 (0%)","0,0","1"
"     dibugger.debuglogic.interpreter.CommandGenerationVisitor.visitCallingAssign (dibugger.debuglogic.antlrparser.WlangParser.CallingAssignContext)","32 B (0,4%)","1 (0,4%)","3 (0%)","0,0","1"
"      dibugger.debuglogic.antlrparser.WlangParser$CallingAssignContext.accept (org.antlr.v4.runtime.tree.ParseTreeVisitor)","32 B (0,4%)","1 (0,4%)","3 (0%)","0,0","1"
"       org.antlr.v4.runtime.tree.AbstractParseTreeVisitor.visitChildren (org.antlr.v4.runtime.tree.RuleNode)","32 B (0,4%)","1 (0,4%)","3 (0%)","0,0","1"
"        dibugger.debuglogic.antlrparser.WlangBaseVisitor.visitAssignment (dibugger.debuglogic.antlrparser.WlangParser.AssignmentContext)","32 B (0,4%)","1 (0,4%)","3 (0%)","0,0","1"
"         dibugger.debuglogic.antlrparser.WlangParser$AssignmentContext.accept (org.antlr.v4.runtime.tree.ParseTreeVisitor)","32 B (0,4%)","1 (0,4%)","3 (0%)","0,0","1"
"          org.antlr.v4.runtime.tree.AbstractParseTreeVisitor.visit (org.antlr.v4.runtime.tree.ParseTree)","32 B (0,4%)","1 (0,4%)","3 (0%)","0,0","1"
"dibugger.debuglogic.interpreter.MultiplicationTerm","24 B (0,3%)","1 (0,4%)","122 (1,9%)","0,0","1"
" java.lang.Object.<init> ()","24 B (0,3%)","1 (0,4%)","116 (1,8%)","0,0","1"
"  dibugger.debuglogic.interpreter.Term.<init> ()","24 B (0,3%)","1 (0,4%)","116 (1,8%)","0,0","1"
"   dibugger.debuglogic.interpreter.BinaryArithmeticTerm.<init> ()","24 B (0,3%)","1 (0,4%)","116 (1,8%)","0,0","1"
"    dibugger.debuglogic.interpreter.MultiplicationTerm.<init> (dibugger.debuglogic.interpreter.Term, dibugger.debuglogic.interpreter.Term)","24 B (0,3%)","1 (0,4%)","116 (1,8%)","0,0","1"
"     dibugger.debuglogic.interpreter.TermGenerationVisitor.visitMultiplication (dibugger.debuglogic.antlrparser.WlangParser.MultiplicationContext)","24 B (0,3%)","1 (0,4%)","116 (1,8%)","0,0","1"
"      dibugger.debuglogic.interpreter.TermGenerationVisitor.visitMultiplication (dibugger.debuglogic.antlrparser.WlangParser.MultiplicationContext)","24 B (0,3%)","1 (0,4%)","116 (1,8%)","0,0","1"
"       dibugger.debuglogic.antlrparser.WlangParser$MultiplicationContext.accept (org.antlr.v4.runtime.tree.ParseTreeVisitor)","24 B (0,3%)","1 (0,4%)","116 (1,8%)","0,0","1"
"        org.antlr.v4.runtime.tree.AbstractParseTreeVisitor.visitChildren (org.antlr.v4.runtime.tree.RuleNode)","24 B (0,3%)","1 (0,4%)","116 (1,8%)","0,0","1"
"         dibugger.debuglogic.antlrparser.WlangBaseVisitor.visitWecbterm (dibugger.debuglogic.antlrparser.WlangParser.WecbtermContext)","24 B (0,3%)","1 (0,4%)","116 (1,8%)","0,0","1"
"          dibugger.debuglogic.antlrparser.WlangParser$WecbtermContext.accept (org.antlr.v4.runtime.tree.ParseTreeVisitor)","24 B (0,3%)","1 (0,4%)","116 (1,8%)","0,0","1"
"dibugger.debuglogic.interpreter.LessEqualComparison","24 B (0,3%)","1 (0,4%)","117 (1,8%)","0,0","1"
" java.lang.Object.<init> ()","24 B (0,3%)","1 (0,4%)","117 (1,8%)","0,0","1"
"  dibugger.debuglogic.interpreter.Term.<init> ()","24 B (0,3%)","1 (0,4%)","117 (1,8%)","0,0","1"
"   dibugger.debuglogic.interpreter.Comparison.<init> (dibugger.debuglogic.interpreter.Term, dibugger.debuglogic.interpreter.Term)","24 B (0,3%)","1 (0,4%)","117 (1,8%)","0,0","1"
"    dibugger.debuglogic.interpreter.LessEqualComparison.<init> (dibugger.debuglogic.interpreter.Term, dibugger.debuglogic.interpreter.Term)","24 B (0,3%)","1 (0,4%)","117 (1,8%)","0,0","1"
"     dibugger.debuglogic.interpreter.TermGenerationVisitor.visitLessEqualComp (dibugger.debuglogic.antlrparser.WlangParser.LessEqualCompContext)","24 B (0,3%)","1 (0,4%)","117 (1,8%)","0,0","1"
"      dibugger.debuglogic.interpreter.TermGenerationVisitor.visitLessEqualComp (dibugger.debuglogic.antlrparser.WlangParser.LessEqualCompContext)","24 B (0,3%)","1 (0,4%)","117 (1,8%)","0,0","1"
"       dibugger.debuglogic.antlrparser.WlangParser$LessEqualCompContext.accept (org.antlr.v4.runtime.tree.ParseTreeVisitor)","24 B (0,3%)","1 (0,4%)","117 (1,8%)","0,0","1"
"        org.antlr.v4.runtime.tree.AbstractParseTreeVisitor.visitChildren (org.antlr.v4.runtime.tree.RuleNode)","24 B (0,3%)","1 (0,4%)","117 (1,8%)","0,0","1"
"         dibugger.debuglogic.interpreter.TermGenerationVisitor.visitComparisonCondition (dibugger.debuglogic.antlrparser.WlangParser.ComparisonConditionContext)","24 B (0,3%)","1 (0,4%)","117 (1,8%)","0,0","1"
"          dibugger.debuglogic.interpreter.TermGenerationVisitor.visitComparisonCondition (dibugger.debuglogic.antlrparser.WlangParser.ComparisonConditionContext)","24 B (0,3%)","1 (0,4%)","117 (1,8%)","0,0","1"
"dibugger.debuglogic.interpreter.CommandGenerationVisitor","24 B (0,3%)","1 (0,4%)","6 (0,1%)","0,0","1"
" java.lang.Object.<init> ()","24 B (0,3%)","1 (0,4%)","6 (0,1%)","0,0","1"
"  org.antlr.v4.runtime.tree.AbstractParseTreeVisitor.<init> ()","24 B (0,3%)","1 (0,4%)","6 (0,1%)","0,0","1"
"   dibugger.debuglogic.antlrparser.WlangBaseVisitor.<init> ()","24 B (0,3%)","1 (0,4%)","6 (0,1%)","0,0","1"
"    dibugger.debuglogic.interpreter.CommandGenerationVisitor.<init> (dibugger.debuglogic.interpreter.GenerationController)","24 B (0,3%)","1 (0,4%)","6 (0,1%)","0,0","1"
"     dibugger.debuglogic.interpreter.GenerationController.generateTrace (String, java.util.List, String)","24 B (0,3%)","1 (0,4%)","6 (0,1%)","0,0","1"
"      dibugger.debuglogic.debugger.DebugControl.launchRun (java.util.List)","24 B (0,3%)","1 (0,4%)","6 (0,1%)","0,0","1"
"       dibugger.debuglogic.debugger.DebugLogicFacade.launchRun (java.util.List)","24 B (0,3%)","1 (0,4%)","6 (0,1%)","0,0","1"
"        dibugger.control.DebugLogicController.startDebug ()","24 B (0,3%)","1 (0,4%)","6 (0,1%)","0,0","1"
"         dibugger.control.ControlFacade.startDebug ()","24 B (0,3%)","1 (0,4%)","6 (0,1%)","0,0","1"
"          dibugger.userinterface.MainInterface.startDebug ()","24 B (0,3%)","1 (0,4%)","6 (0,1%)","0,0","1"
"dibugger.debuglogic.interpreter.LongValue","24 B (0,3%)","1 (0,4%)","1 (0%)","5,0","1"
" java.lang.Object.<init> ()","24 B (0,3%)","1 (0,4%)","1 (0%)","5,0","1"
"  dibugger.debuglogic.interpreter.TermValue.<init> (dibugger.debuglogic.interpreter.Type)","24 B (0,3%)","1 (0,4%)","1 (0%)","5,0","1"
"   dibugger.debuglogic.interpreter.LongValue.<init> (long)","24 B (0,3%)","1 (0,4%)","1 (0%)","5,0","1"
"    dibugger.debuglogic.interpreter.Type.<clinit> ()","24 B (0,3%)","1 (0,4%)","1 (0%)","5,0","1"
"     dibugger.debuglogic.interpreter.CommandGenerationVisitor.visitMainFunctionHead (dibugger.debuglogic.antlrparser.WlangParser.MainFunctionHeadContext)","24 B (0,3%)","1 (0,4%)","1 (0%)","5,0","1"
"      dibugger.debuglogic.interpreter.CommandGenerationVisitor.visitMainFunctionHead (dibugger.debuglogic.antlrparser.WlangParser.MainFunctionHeadContext)","24 B (0,3%)","1 (0,4%)","1 (0%)","5,0","1"
"       dibugger.debuglogic.antlrparser.WlangParser$MainFunctionHeadContext.accept (org.antlr.v4.runtime.tree.ParseTreeVisitor)","24 B (0,3%)","1 (0,4%)","1 (0%)","5,0","1"
"        org.antlr.v4.runtime.tree.AbstractParseTreeVisitor.visit (org.antlr.v4.runtime.tree.ParseTree)","24 B (0,3%)","1 (0,4%)","1 (0%)","5,0","1"
"         dibugger.debuglogic.interpreter.CommandGenerationVisitor.visitMainRoutine (dibugger.debuglogic.antlrparser.WlangParser.MainRoutineContext)","24 B (0,3%)","1 (0,4%)","1 (0%)","5,0","1"
"          dibugger.debuglogic.interpreter.CommandGenerationVisitor.visitMainRoutine (dibugger.debuglogic.antlrparser.WlangParser.MainRoutineContext)","24 B (0,3%)","1 (0,4%)","1 (0%)","5,0","1"
"dibugger.debuglogic.interpreter.FloatValue","24 B (0,3%)","1 (0,4%)","1 (0%)","5,0","1"
" java.lang.Object.<init> ()","24 B (0,3%)","1 (0,4%)","1 (0%)","5,0","1"
"  dibugger.debuglogic.interpreter.TermValue.<init> (dibugger.debuglogic.interpreter.Type)","24 B (0,3%)","1 (0,4%)","1 (0%)","5,0","1"
"   dibugger.debuglogic.interpreter.FloatValue.<init> (float)","24 B (0,3%)","1 (0,4%)","1 (0%)","5,0","1"
"    dibugger.debuglogic.interpreter.Type.<clinit> ()","24 B (0,3%)","1 (0,4%)","1 (0%)","5,0","1"
"     dibugger.debuglogic.interpreter.CommandGenerationVisitor.visitMainFunctionHead (dibugger.debuglogic.antlrparser.WlangParser.MainFunctionHeadContext)","24 B (0,3%)","1 (0,4%)","1 (0%)","5,0","1"
"      dibugger.debuglogic.interpreter.CommandGenerationVisitor.visitMainFunctionHead (dibugger.debuglogic.antlrparser.WlangParser.MainFunctionHeadContext)","24 B (0,3%)","1 (0,4%)","1 (0%)","5,0","1"
"       dibugger.debuglogic.antlrparser.WlangParser$MainFunctionHeadContext.accept (org.antlr.v4.runtime.tree.ParseTreeVisitor)","24 B (0,3%)","1 (0,4%)","1 (0%)","5,0","1"
"        org.antlr.v4.runtime.tree.AbstractParseTreeVisitor.visit (org.antlr.v4.runtime.tree.ParseTree)","24 B (0,3%)","1 (0,4%)","1 (0%)","5,0","1"
"         dibugger.debuglogic.interpreter.CommandGenerationVisitor.visitMainRoutine (dibugger.debuglogic.antlrparser.WlangParser.MainRoutineContext)","24 B (0,3%)","1 (0,4%)","1 (0%)","5,0","1"
"          dibugger.debuglogic.interpreter.CommandGenerationVisitor.visitMainRoutine (dibugger.debuglogic.antlrparser.WlangParser.MainRoutineContext)","24 B (0,3%)","1 (0,4%)","1 (0%)","5,0","1"
"dibugger.debuglogic.interpreter.DoubleValue","24 B (0,3%)","1 (0,4%)","1 (0%)","5,0","1"
" java.lang.Object.<init> ()","24 B (0,3%)","1 (0,4%)","1 (0%)","5,0","1"
"  dibugger.debuglogic.interpreter.TermValue.<init> (dibugger.debuglogic.interpreter.Type)","24 B (0,3%)","1 (0,4%)","1 (0%)","5,0","1"
"   dibugger.debuglogic.interpreter.DoubleValue.<init> (double)","24 B (0,3%)","1 (0,4%)","1 (0%)","5,0","1"
"    dibugger.debuglogic.interpreter.Type.<clinit> ()","24 B (0,3%)","1 (0,4%)","1 (0%)","5,0","1"
"     dibugger.debuglogic.interpreter.CommandGenerationVisitor.visitMainFunctionHead (dibugger.debuglogic.antlrparser.WlangParser.MainFunctionHeadContext)","24 B (0,3%)","1 (0,4%)","1 (0%)","5,0","1"
"      dibugger.debuglogic.interpreter.CommandGenerationVisitor.visitMainFunctionHead (dibugger.debuglogic.antlrparser.WlangParser.MainFunctionHeadContext)","24 B (0,3%)","1 (0,4%)","1 (0%)","5,0","1"
"       dibugger.debuglogic.antlrparser.WlangParser$MainFunctionHeadContext.accept (org.antlr.v4.runtime.tree.ParseTreeVisitor)","24 B (0,3%)","1 (0,4%)","1 (0%)","5,0","1"
"        org.antlr.v4.runtime.tree.AbstractParseTreeVisitor.visit (org.antlr.v4.runtime.tree.ParseTree)","24 B (0,3%)","1 (0,4%)","1 (0%)","5,0","1"
"         dibugger.debuglogic.interpreter.CommandGenerationVisitor.visitMainRoutine (dibugger.debuglogic.antlrparser.WlangParser.MainRoutineContext)","24 B (0,3%)","1 (0,4%)","1 (0%)","5,0","1"
"          dibugger.debuglogic.interpreter.CommandGenerationVisitor.visitMainRoutine (dibugger.debuglogic.antlrparser.WlangParser.MainRoutineContext)","24 B (0,3%)","1 (0,4%)","1 (0%)","5,0","1"
"dibugger.debuglogic.interpreter.CharValue","24 B (0,3%)","1 (0,4%)","1 (0%)","5,0","1"
" java.lang.Object.<init> ()","24 B (0,3%)","1 (0,4%)","1 (0%)","5,0","1"
"  dibugger.debuglogic.interpreter.TermValue.<init> (dibugger.debuglogic.interpreter.Type)","24 B (0,3%)","1 (0,4%)","1 (0%)","5,0","1"
"   dibugger.debuglogic.interpreter.CharValue.<init> (char)","24 B (0,3%)","1 (0,4%)","1 (0%)","5,0","1"
"    dibugger.debuglogic.interpreter.Type.<clinit> ()","24 B (0,3%)","1 (0,4%)","1 (0%)","5,0","1"
"     dibugger.debuglogic.interpreter.CommandGenerationVisitor.visitMainFunctionHead (dibugger.debuglogic.antlrparser.WlangParser.MainFunctionHeadContext)","24 B (0,3%)","1 (0,4%)","1 (0%)","5,0","1"
"      dibugger.debuglogic.interpreter.CommandGenerationVisitor.visitMainFunctionHead (dibugger.debuglogic.antlrparser.WlangParser.MainFunctionHeadContext)","24 B (0,3%)","1 (0,4%)","1 (0%)","5,0","1"
"       dibugger.debuglogic.antlrparser.WlangParser$MainFunctionHeadContext.accept (org.antlr.v4.runtime.tree.ParseTreeVisitor)","24 B (0,3%)","1 (0,4%)","1 (0%)","5,0","1"
"        org.antlr.v4.runtime.tree.AbstractParseTreeVisitor.visit (org.antlr.v4.runtime.tree.ParseTree)","24 B (0,3%)","1 (0,4%)","1 (0%)","5,0","1"
"         dibugger.debuglogic.interpreter.CommandGenerationVisitor.visitMainRoutine (dibugger.debuglogic.antlrparser.WlangParser.MainRoutineContext)","24 B (0,3%)","1 (0,4%)","1 (0%)","5,0","1"
"          dibugger.debuglogic.interpreter.CommandGenerationVisitor.visitMainRoutine (dibugger.debuglogic.antlrparser.WlangParser.MainRoutineContext)","24 B (0,3%)","1 (0,4%)","1 (0%)","5,0","1"
"dibugger.debuglogic.interpreter.BooleanValue","24 B (0,3%)","1 (0,4%)","82 (1,3%)","5,0","1"
" java.lang.Object.<init> ()","24 B (0,3%)","1 (0,4%)","1 (0%)","5,0","1"
"  dibugger.debuglogic.interpreter.TermValue.<init> (dibugger.debuglogic.interpreter.Type)","24 B (0,3%)","1 (0,4%)","1 (0%)","5,0","1"
"   dibugger.debuglogic.interpreter.BooleanValue.<init> (boolean)","24 B (0,3%)","1 (0,4%)","1 (0%)","5,0","1"
"    dibugger.debuglogic.interpreter.Type.<clinit> ()","24 B (0,3%)","1 (0,4%)","1 (0%)","5,0","1"
"     dibugger.debuglogic.interpreter.CommandGenerationVisitor.visitMainFunctionHead (dibugger.debuglogic.antlrparser.WlangParser.MainFunctionHeadContext)","24 B (0,3%)","1 (0,4%)","1 (0%)","5,0","1"
"      dibugger.debuglogic.interpreter.CommandGenerationVisitor.visitMainFunctionHead (dibugger.debuglogic.antlrparser.WlangParser.MainFunctionHeadContext)","24 B (0,3%)","1 (0,4%)","1 (0%)","5,0","1"
"       dibugger.debuglogic.antlrparser.WlangParser$MainFunctionHeadContext.accept (org.antlr.v4.runtime.tree.ParseTreeVisitor)","24 B (0,3%)","1 (0,4%)","1 (0%)","5,0","1"
"        org.antlr.v4.runtime.tree.AbstractParseTreeVisitor.visit (org.antlr.v4.runtime.tree.ParseTree)","24 B (0,3%)","1 (0,4%)","1 (0%)","5,0","1"
"         dibugger.debuglogic.interpreter.CommandGenerationVisitor.visitMainRoutine (dibugger.debuglogic.antlrparser.WlangParser.MainRoutineContext)","24 B (0,3%)","1 (0,4%)","1 (0%)","5,0","1"
"          dibugger.debuglogic.interpreter.CommandGenerationVisitor.visitMainRoutine (dibugger.debuglogic.antlrparser.WlangParser.MainRoutineContext)","24 B (0,3%)","1 (0,4%)","1 (0%)","5,0","1"
"dibugger.debuglogic.interpreter.LessComparison","24 B (0,3%)","1 (0,4%)","6 (0,1%)","0,0","1"
" java.lang.Object.<init> ()","24 B (0,3%)","1 (0,4%)","6 (0,1%)","0,0","1"
"  dibugger.debuglogic.interpreter.Term.<init> ()","24 B (0,3%)","1 (0,4%)","6 (0,1%)","0,0","1"
"   dibugger.debuglogic.interpreter.Comparison.<init> (dibugger.debuglogic.interpreter.Term, dibugger.debuglogic.interpreter.Term)","24 B (0,3%)","1 (0,4%)","6 (0,1%)","0,0","1"
"    dibugger.debuglogic.interpreter.LessComparison.<init> (dibugger.debuglogic.interpreter.Term, dibugger.debuglogic.interpreter.Term)","24 B (0,3%)","1 (0,4%)","6 (0,1%)","0,0","1"
"     dibugger.debuglogic.interpreter.TermGenerationVisitor.visitLessComp (dibugger.debuglogic.antlrparser.WlangParser.LessCompContext)","24 B (0,3%)","1 (0,4%)","6 (0,1%)","0,0","1"
"      dibugger.debuglogic.interpreter.TermGenerationVisitor.visitLessComp (dibugger.debuglogic.antlrparser.WlangParser.LessCompContext)","24 B (0,3%)","1 (0,4%)","6 (0,1%)","0,0","1"
"       dibugger.debuglogic.antlrparser.WlangParser$LessCompContext.accept (org.antlr.v4.runtime.tree.ParseTreeVisitor)","24 B (0,3%)","1 (0,4%)","6 (0,1%)","0,0","1"
"        org.antlr.v4.runtime.tree.AbstractParseTreeVisitor.visitChildren (org.antlr.v4.runtime.tree.RuleNode)","24 B (0,3%)","1 (0,4%)","6 (0,1%)","0,0","1"
"         dibugger.debuglogic.interpreter.TermGenerationVisitor.visitComparisonCondition (dibugger.debuglogic.antlrparser.WlangParser.ComparisonConditionContext)","24 B (0,3%)","1 (0,4%)","6 (0,1%)","0,0","1"
"          dibugger.debuglogic.interpreter.TermGenerationVisitor.visitComparisonCondition (dibugger.debuglogic.antlrparser.WlangParser.ComparisonConditionContext)","24 B (0,3%)","1 (0,4%)","6 (0,1%)","0,0","1"
"dibugger.userinterface.WatchExpressionPanel$2","0 B (0%)","0 (0%)","0 (0%)","0,0","0"
"dibugger.debuglogic.interpreter.WatchExpression","0 B (0%)","0 (0%)","0 (0%)","0,0","0"
"dibugger.userinterface.WatchExpressionPanel$1","0 B (0%)","0 (0%)","0 (0%)","0,0","0"
"dibugger.userinterface.ConditionalBreakpointPanel$3","0 B (0%)","0 (0%)","0 (0%)","0,0","0"
"dibugger.debuglogic.interpreter.BinaryArithmeticTerm","0 B (0%)","0 (0%)","0 (0%)","0,0","0"
"dibugger.debuglogic.interpreter.Comparison","0 B (0%)","0 (0%)","0 (0%)","0,0","0"
"dibugger.debuglogic.interpreter.Term","0 B (0%)","0 (0%)","0 (0%)","0,0","0"
"dibugger.debuglogic.antlrparser.WlangBaseVisitor","0 B (0%)","0 (0%)","0 (0%)","0,0","0"
"dibugger.debuglogic.antlrparser.WlangParser$MultiplicationContext","0 B (0%)","0 (0%)","122 (1,9%)","0,0","0"
"dibugger.debuglogic.antlrparser.WlangParser$RelIdContext","0 B (0%)","0 (0%)","466 (7,3%)","0,0","0"
"dibugger.debuglogic.antlrparser.WlangParser$TermContext","0 B (0%)","0 (0%)","687 (10,8%)","0,0","0"
"dibugger.debuglogic.antlrparser.WlangParser$LessEqualCompContext","0 B (0%)","0 (0%)","117 (1,8%)","0,0","0"
"dibugger.debuglogic.antlrparser.WlangParser$ComparisonContext","0 B (0%)","0 (0%)","123 (1,9%)","0,0","0"
"dibugger.debuglogic.antlrparser.WlangParser$WecbtermContext","0 B (0%)","0 (0%)","233 (3,7%)","0,0","0"
"dibugger.debuglogic.antlrparser.WlangParser$ComparisonConditionContext","0 B (0%)","0 (0%)","123 (1,9%)","0,0","0"
"dibugger.debuglogic.antlrparser.WlangParser$ConditionContext","0 B (0%)","0 (0%)","123 (1,9%)","0,0","0"
"dibugger.debuglogic.antlrparser.WlangParser","0 B (0%)","0 (0%)","245 (3,9%)","0,0","0"
"dibugger.debuglogic.antlrparser.ActuallyHelpfulErrorListener","0 B (0%)","0 (0%)","490 (7,7%)","0,0","0"
"dibugger.debuglogic.antlrparser.WlangLexer","0 B (0%)","0 (0%)","245 (3,9%)","0,0","0"
"dibugger.debuglogic.interpreter.ConditionalBreakpoint","0 B (0%)","0 (0%)","0 (0%)","0,0","0"
"dibugger.userinterface.ConditionalBreakpointPanel$1","0 B (0%)","0 (0%)","0 (0%)","0,0","0"
"dibugger.userinterface.ConditionalBreakpointPanel$2","0 B (0%)","0 (0%)","0 (0%)","0,0","0"
"dibugger.userinterface.ProgramPanel$3","0 B (0%)","0 (0%)","0 (0%)","0,0","0"
"dibugger.userinterface.ProgramPanel$2","0 B (0%)","0 (0%)","0 (0%)","0,0","0"
"dibugger.userinterface.ProgramPanel$CustomViewFactory","0 B (0%)","0 (0%)","474 (7,5%)","0,0","0"
"dibugger.userinterface.ProgramPanel$1","0 B (0%)","0 (0%)","0 (0%)","0,0","0"
"dibugger.userinterface.MainInterface$3","0 B (0%)","0 (0%)","0 (0%)","0,0","0"
"dibugger.userinterface.MainInterface$2","0 B (0%)","0 (0%)","0 (0%)","0,0","0"
"dibugger.userinterface.MainInterface$1","0 B (0%)","0 (0%)","0 (0%)","0,0","0"
"dibugger.control.ExceptionHandler","0 B (0%)","0 (0%)","0 (0%)","0,0","0"
"dibugger.filehandler.facade.PropertiesFile","0 B (0%)","0 (0%)","0 (0%)","0,0","0"
"dibugger.filehandler.facade.LanguageFile","0 B (0%)","0 (0%)","0 (0%)","0,0","0"
"dibugger.filehandler.rdbf.RDBFData","0 B (0%)","0 (0%)","0 (0%)","0,0","0"
"dibugger.filehandler.rdbf.RDBFParser","0 B (0%)","0 (0%)","0 (0%)","0,0","0"
"dibugger.filehandler.rdbf.RDBFWriter","0 B (0%)","0 (0%)","0 (0%)","0,0","0"
"dibugger.filehandler.rdbf.RDBFDBWriter","0 B (0%)","0 (0%)","0 (0%)","0,0","0"
"dibugger.filehandler.facade.DBFileWriter","0 B (0%)","0 (0%)","0 (0%)","0,0","0"
"dibugger.filehandler.rdbf.RDBFFile","0 B (0%)","0 (0%)","0 (0%)","0,0","0"
"dibugger.filehandler.rdbf.RDBFBlock","0 B (0%)","0 (0%)","0 (0%)","0,0","0"
"dibugger.filehandler.rdbf.RDBFAdditions","0 B (0%)","0 (0%)","0 (0%)","0,0","0"
"dibugger.filehandler.rdbf.RDBFReader","0 B (0%)","0 (0%)","0 (0%)","0,0","0"
"dibugger.filehandler.rdbf.RDBFDBReader","0 B (0%)","0 (0%)","0 (0%)","0,0","0"
"dibugger.filehandler.facade.DBFileReader","0 B (0%)","0 (0%)","0 (0%)","0,0","0"
"dibugger.filehandler.rdbf.RDBFPropWriter","0 B (0%)","0 (0%)","0 (0%)","0,0","0"
"dibugger.filehandler.facade.PropertiesFileWriter","0 B (0%)","0 (0%)","0 (0%)","0,0","0"
"dibugger.filehandler.rdbf.RDBFPropReader","0 B (0%)","0 (0%)","0 (0%)","0,0","0"
"dibugger.filehandler.facade.PropertiesFileReader","0 B (0%)","0 (0%)","0 (0%)","0,0","0"
"dibugger.filehandler.facade.FileHandlerFacade","0 B (0%)","0 (0%)","0 (0%)","0,0","0"
"dibugger.control.FileHandlerInteractor","0 B (0%)","0 (0%)","0 (0%)","0,0","0"
"dibugger.control.TextInputBuffer","0 B (0%)","0 (0%)","0 (0%)","0,0","0"
"dibugger.debuglogic.interpreter.GenerationController","0 B (0%)","0 (0%)","0 (0%)","0,0","0"
"dibugger.debuglogic.debugger.DebugControl","0 B (0%)","0 (0%)","0 (0%)","0,0","0"
"dibugger.debuglogic.debugger.SimpleRelationalSuggestion","0 B (0%)","0 (0%)","0 (0%)","0,0","0"
"dibugger.debuglogic.debugger.RelationalSuggestion","0 B (0%)","0 (0%)","0 (0%)","0,0","0"
"dibugger.debuglogic.debugger.SimpleInputSuggestion","0 B (0%)","0 (0%)","0 (0%)","0,0","0"
"dibugger.debuglogic.debugger.InputValueSuggestion","0 B (0%)","0 (0%)","0 (0%)","0,0","0"
"dibugger.debuglogic.debugger.SimpleStepSizeSuggestion","0 B (0%)","0 (0%)","0 (0%)","0,0","0"
"dibugger.debuglogic.debugger.StepSizeSuggestion","0 B (0%)","0 (0%)","0 (0%)","0,0","0"
"dibugger.debuglogic.debugger.DebugLogicFacade","0 B (0%)","0 (0%)","0 (0%)","0,0","0"
"dibugger.control.DebugLogicController","0 B (0%)","0 (0%)","0 (0%)","0,0","0"
"dibugger.userinterface.GUIFacade","0 B (0%)","0 (0%)","0 (0%)","0,0","0"
"dibugger.control.ControlFacade","0 B (0%)","0 (0%)","0 (0%)","0,0","0"
"dibugger.userinterface.ProgramPanel","0 B (0%)","0 (0%)","0 (0%)","0,0","0"
"dibugger.userinterface.WatchExpressionPanel","0 B (0%)","0 (0%)","0 (0%)","0,0","0"
"dibugger.userinterface.CommandPanel","0 B (0%)","0 (0%)","0 (0%)","0,0","0"
"dibugger.userinterface.ConditionalBreakpointPanel","0 B (0%)","0 (0%)","0 (0%)","0,0","0"
"dibugger.userinterface.ExpressionPanel","0 B (0%)","0 (0%)","0 (0%)","0,0","0"
"dibugger.userinterface.MainInterface","0 B (0%)","0 (0%)","0 (0%)","0,0","0"
"dibugger.debuglogic.antlrparser.WlangParser$ProgramContext","0 B (0%)","0 (0%)","6 (0,1%)","0,0","0"
"dibugger.debuglogic.antlrparser.WlangParser$MainRoutineContext","0 B (0%)","0 (0%)","6 (0,1%)","0,0","0"
"dibugger.debuglogic.antlrparser.WlangParser$MainHeadContext","0 B (0%)","0 (0%)","6 (0,1%)","0,0","0"
"dibugger.debuglogic.antlrparser.WlangParser$MainFunctionHeadContext","0 B (0%)","0 (0%)","6 (0,1%)","0,0","0"
"dibugger.debuglogic.antlrparser.WlangParser$ArglistContext","0 B (0%)","0 (0%)","9 (0,1%)","0,0","0"
"dibugger.debuglogic.antlrparser.WlangParser$ArgumentContext","0 B (0%)","0 (0%)","9 (0,1%)","0,0","0"
"dibugger.debuglogic.antlrparser.WlangParser$BlockContext","0 B (0%)","0 (0%)","15 (0,2%)","0,0","0"
"dibugger.debuglogic.antlrparser.WlangParser$StatementsContext","0 B (0%)","0 (0%)","51 (0,8%)","0,0","0"
"dibugger.debuglogic.antlrparser.WlangParser$StatementContext","0 B (0%)","0 (0%)","51 (0,8%)","0,0","0"
"dibugger.debuglogic.antlrparser.WlangParser$AssignmentContext","0 B (0%)","0 (0%)","36 (0,6%)","0,0","0"
"dibugger.debuglogic.antlrparser.WlangParser$DeclareAssignContext","0 B (0%)","0 (0%)","18 (0,3%)","0,0","0"
"dibugger.debuglogic.antlrparser.WlangParser$IntLiteralContext","0 B (0%)","0 (0%)","33 (0,5%)","0,0","0"
"dibugger.debuglogic.antlrparser.WlangParser$WhileStateContext","0 B (0%)","0 (0%)","6 (0,1%)","0,0","0"
"dibugger.debuglogic.antlrparser.WlangParser$WhileWithBlockContext","0 B (0%)","0 (0%)","6 (0,1%)","0,0","0"
"dibugger.debuglogic.antlrparser.WlangParser$LessCompContext","0 B (0%)","0 (0%)","6 (0,1%)","0,0","0"
"dibugger.debuglogic.antlrparser.WlangParser$IdContext","0 B (0%)","0 (0%)","51 (0,8%)","0,0","0"
"dibugger.debuglogic.antlrparser.WlangParser$PureAssignContext","0 B (0%)","0 (0%)","15 (0,2%)","0,0","0"
"dibugger.debuglogic.antlrparser.WlangParser$AdditionContext","0 B (0%)","0 (0%)","12 (0,2%)","0,0","0"
"dibugger.debuglogic.antlrparser.WlangParser$SubtractionContext","0 B (0%)","0 (0%)","3 (0%)","0,0","0"
"dibugger.debuglogic.antlrparser.WlangParser$ReturnStateContext","0 B (0%)","0 (0%)","9 (0,1%)","0,0","0"
"dibugger.debuglogic.interpreter.TermValue","0 B (0%)","0 (0%)","0 (0%)","0,0","0"
"dibugger.debuglogic.interpreter.Command","0 B (0%)","0 (0%)","0 (0%)","0,0","0"
"dibugger.debuglogic.interpreter.SubtractionTerm","0 B (0%)","0 (0%)","3 (0%)","0,0","0"
"dibugger.debuglogic.antlrparser.WlangParser$InputparameterContext","0 B (0%)","0 (0%)","6 (0,1%)","0,0","0"
"dibugger.debuglogic.antlrparser.WlangParser$InputparameterNoArrayContext","0 B (0%)","0 (0%)","6 (0,1%)","0,0","0"
"dibugger.debuglogic.interpreter.Trace","0 B (0%)","0 (0%)","6 (0,1%)","0,0","0"
"dibugger.debuglogic.antlrparser.WlangParser$RoutineContext","0 B (0%)","0 (0%)","3 (0%)","0,0","0"
"dibugger.debuglogic.antlrparser.WlangParser$RoutineHeadContext","0 B (0%)","0 (0%)","3 (0%)","0,0","0"
"dibugger.debuglogic.antlrparser.WlangParser$FunctionHeadContext","0 B (0%)","0 (0%)","3 (0%)","0,0","0"
"dibugger.debuglogic.antlrparser.WlangParser$CallingAssignContext","0 B (0%)","0 (0%)","3 (0%)","0,0","0"
"dibugger.debuglogic.antlrparser.WlangParser$FuncCallContext","0 B (0%)","0 (0%)","3 (0%)","0,0","0"
"dibugger.debuglogic.antlrparser.WlangParser$FilledArglistContext","0 B (0%)","0 (0%)","3 (0%)","0,0","0"
"dibugger.debuglogic.antlrparser.WlangParser$FilledArgumentContext","0 B (0%)","0 (0%)","3 (0%)","0,0","0"
"dibugger.debuglogic.exceptions.DIbuggerLogicException","0 B (0%)","0 (0%)","0 (0%)","0,0","0"
"dibugger.debuglogic.exceptions.VariableNotFoundException","0 B (0%)","0 (0%)","439 (6,9%)","0,0","0"
